"shapeid","x","y"
"0","235658.285699","891523.124968"
"0","235662.403181","891542.88732"
"0","235667.304279","891568.825549"
"1","235648.943882","891175.947236"
"1","235665.695182","891120.966936"
"2","235707.047724","891772.977938"
"2","235721.504009","891843.625302"
"2","235731.508197","891890.283186"
"3","235804.206793","891432.463384"
"3","235845.411304","891452.481008"
"3","235900.234016","891478.091513"
"3","235947.34285","891501.67916"
"3","235948.987316","891502.534044"
"4","234875.057855","890675.150496"
"4","234836.061055","890606.013496"
"5","235686.932168","891669.835818"
"5","235700.995898","891741.483515"
"5","235702.101265","891747.500244"
"6","235510.760672","892115.876722"
"6","235512.341651","892106.672023"
"6","235515.764449","892089.166911"
"6","235514.879922","892073.007938"
"6","235514.145226","892068.396723"
"7","235648.829341","891393.801001"
"7","235654.827713","891394.221223"
"7","235671.505877","891397.884922"
"7","235691.487421","891401.407435"
"7","235714.817625","891403.739091"
"7","235742.603547","891406.450185"
"7","235757.68696","891410.233194"
"8","234822.658106","890583.915853"
"8","234817.672498","890576.253951"
"8","234797.029696","890539.620982"
"9","235511.565856","892052.602329"
"9","235509.038256","892038.594029"
"10","235773.360098","891417.343764"
"10","235789.142998","891425.121664"
"11","235208.815841","891082.978109"
"11","235208.301275","891080.992396"
"11","235205.548322","891073.572756"
"11","235200.080867","891063.532418"
"11","235183.72739","891043.15979"
"11","235169.937871","891029.593946"
"12","235608.904072","891396.627567"
"12","235621.939373","891393.271259"
"12","235630.937869","891393.01948"
"13","234958.109332","890822.859913"
"13","234887.813032","890697.802913"
"14","235536.481586","891419.504539"
"14","235553.292686","891413.474106"
"14","235591.700284","891401.288848"
"15","235150.97359","891012.022017"
"15","235127.02999","890991.131817"
"16","235509.366295","892016.430182"
"16","235512.292695","892031.529082"
"17","235107.44828","890974.022711"
"17","235071.37767","890942.461502"
"17","235039.170321","890912.964044"
"17","235003.731336","890880.872201"
"17","234984.108932","890861.057053"
"17","234972.42633","890844.822944"
"18","235481.388711","891667.790592"
"18","235483.372015","891677.826562"
"18","235502.774203","891774.155034"
"19","235175.829788","891283.382142"
"19","235186.251288","891245.448542"
"20","235497.739358","892146.922903"
"20","235504.488314","892133.241597"
"20","235505.603978","892131.059596"
"21","235508.933917","891956.900624"
"21","235505.550285","891969.011775"
"21","235506.021468","891987.469502"
"21","235507.397872","892000.458095"
"22","235204.112598","891165.230158"
"22","235205.206304","891159.50005"
"22","235207.573924","891148.285473"
"22","235212.611358","891122.857649"
"22","235212.819321","891113.610105"
"22","235212.959677","891107.891196"
"23","234727.368445","891536.224523"
"23","234724.277945","891546.767423"
"24","235464.867369","891572.59843"
"24","235464.05326","891580.100814"
"24","235476.346877","891642.283921"
"25","235192.772618","891220.347043"
"25","235196.484348","891205.195384"
"25","235199.087093","891190.757619"
"26","234713.385837","891570.787286"
"26","234702.857463","891587.346966"
"26","234693.426059","891600.028375"
"26","234680.732624","891613.365646"
"26","234661.104813","891630.218885"
"26","234616.736304","891669.141095"
"26","234608.733577","891680.338304"
"26","234604.783571","891689.987892"
"26","234603.879881","891699.328228"
"26","234606.205954","891724.63786"
"26","234608.938755","891746.268579"
"27","235508.164515","891799.540535"
"27","235515.808115","891833.769535"
"28","235520.850624","891859.383535"
"28","235522.993166","891871.936196"
"28","235525.342474","891887.38899"
"28","235524.934034","891900.326132"
"28","235519.320201","891919.102236"
"28","235515.853644","891931.823554"
"29","234679.071514","890292.228989"
"29","234667.252787","890261.961334"
"29","234646.865815","890214.108727"
"29","234624.047584","890157.359836"
"29","234614.248059","890135.078517"
"29","234604.384538","890109.251918"
"29","234597.205229","890072.896907"
"30","235476.260945","891523.052123"
"30","235469.086406","891546.127407"
"30","235468.882547","891547.140048"
"31","234784.022951","890517.172675"
"31","234766.107388","890487.089995"
"31","234753.796933","890464.733096"
"31","234737.408729","890431.223362"
"31","234712.089843","890371.026058"
"31","234690.669738","890315.244172"
"32","235514.928045","891434.527926"
"32","235512.708249","891435.829302"
"32","235503.973312","891449.469327"
"32","235484.79033","891498.675453"
"33","235193.7944","891778.544924"
"33","235188.539986","891781.467247"
"33","235158.92313","891798.190398"
"34","235281.453378","891713.883173"
"34","235254.006324","891735.26741"
"34","235215.988947","891764.068756"
"35","235419.818471","891606.154111"
"35","235414.021934","891610.653429"
"35","235366.986317","891647.180169"
"35","235301.960732","891697.896983"
"36","235457.49146","891571.322199"
"36","235445.688673","891582.630373"
"36","235439.656754","891588.6607"
"37","234601.291864","890928.404597"
"37","234570.410664","890914.362597"
"38","236372.922819","892256.909128"
"38","236348.424224","892187.598722"
"38","236329.898746","892129.851708"
"39","236321.683955","892105.241065"
"39","236315.932616","892088.660563"
"39","236313.336116","892080.090633"
"39","236300.502682","892042.686496"
"40","236291.573906","892018.377025"
"40","236288.958206","892011.702097"
"40","236277.949763","891975.735096"
"40","236273.325988","891966.072073"
"41","236264.8681","891953.288399"
"41","236256.954","891942.750899"
"42","234770.389352","891410.837624"
"42","234766.386308","891431.506248"
"42","234760.787356","891445.761452"
"43","236131.556131","891719.649738"
"43","236114.803728","891696.075601"
"43","236099.558779","891671.516644"
"43","236077.010271","891636.472809"
"43","236057.306398","891608.877068"
"43","236033.364678","891583.198746"
"43","236004.885143","891552.359991"
"43","235980.613999","891530.68075"
"43","235968.131603","891520.490447"
"44","234773.199599","891347.386428"
"44","234773.160999","891384.699428"
"45","236248.772626","891928.87386"
"45","236245.41514","891922.836631"
"45","236227.866238","891897.157418"
"45","236214.863248","891871.115655"
"45","236204.24232","891845.668742"
"45","236185.633234","891801.490772"
"45","236165.490595","891766.073574"
"45","236146.82206","891740.743081"
"46","234750.291422","891469.717546"
"46","234748.584444","891473.236724"
"46","234737.960431","891500.112514"
"46","234734.68509","891511.275851"
"47","235625.130883","891264.014316"
"47","235623.388309","891269.841725"
"47","235622.532146","891282.131062"
"47","235623.760794","891291.144682"
"47","235624.709499","891295.395138"
"47","235625.169605","891297.510655"
"47","235633.750811","891323.563058"
"47","235640.710622","891345.894063"
"47","235643.491831","891365.648107"
"47","235640.624379","891382.79364"
"48","235645.33422","891202.083463"
"48","235632.94212","891239.291663"
"49","235692.517991","891035.813486"
"49","235677.005691","891097.135886"
"50","235669.999818","891122.278464"
"50","235653.248518","891177.258764"
"51","234839.980545","890603.802704"
"51","234878.977345","890672.939704"
"52","235518.589174","892067.688677"
"52","235519.360478","892072.529662"
"52","235520.288351","892089.480489"
"52","235516.767949","892107.484777"
"52","235515.195728","892116.638478"
"53","234800.950104","890537.411818"
"53","234821.522502","890573.919849"
"53","234826.429894","890581.461547"
"54","235513.466744","892037.794971"
"54","235515.994344","892051.803271"
"55","235173.093729","891026.386054"
"55","235187.07141","891040.13701"
"55","235203.841133","891061.028182"
"55","235209.654878","891071.704444"
"55","235212.599925","891079.641804"
"55","235213.171959","891081.849291"
"56","234891.735768","890695.597887"
"56","234962.032068","890820.654887"
"57","235129.98841","890987.740983"
"57","235153.93201","891008.631183"
"58","234976.07887","890842.194456"
"58","234987.555068","890858.141747"
"58","235006.842664","890877.618799"
"58","235042.200279","890909.636956"
"58","235074.37933","890939.108498"
"58","235110.41152","890970.636089"
"59","235190.590512","891246.640658"
"59","235180.169012","891284.574258"
"60","235509.610622","892133.108204"
"60","235508.509686","892135.261403"
"60","235501.775042","892148.913697"
"61","235217.458323","891108.001604"
"61","235217.318079","891113.715895"
"61","235217.101442","891123.349151"
"61","235211.982676","891149.187527"
"61","235209.618296","891160.38675"
"61","235208.532802","891166.073842"
"62","235203.515707","891191.555981"
"62","235200.888252","891206.130816"
"62","235197.143382","891221.417757"
"63","234601.619971","890072.025093"
"63","234608.725062","890108.004282"
"63","234618.412141","890133.368883"
"63","234628.195816","890155.614164"
"63","234651.023785","890212.387273"
"63","234671.419613","890260.260666"
"63","234683.263286","890290.592211"
"64","234694.870662","890313.631028"
"64","234716.265357","890369.346742"
"64","234741.507271","890429.361038"
"64","234757.791467","890462.658104"
"64","234770.012612","890484.852805"
"64","234787.889249","890514.870125"
"65","235154.98967","891791.224202"
"65","235184.629014","891774.488353"
"65","235189.906","891771.553476"
"66","235211.158053","891757.692044"
"66","235249.132276","891728.92339"
"66","235276.536622","891707.572427"
"67","235297.040668","891691.588817"
"67","235362.072883","891640.866831"
"67","235409.115866","891604.334371"
"67","235414.913129","891599.834489"
"68","235434.000646","891583.0031"
"68","235440.092727","891576.912627"
"68","235451.95694","891565.545601"
"69","234572.273336","890910.266203"
"69","234603.154536","890924.308203"
"70","236334.183654","892128.477092"
"70","236352.688976","892186.161278"
"70","236377.165581","892255.409472"
"71","236304.759118","892041.226104"
"71","236317.619084","892078.707567"
"71","236320.213384","892087.270237"
"71","236325.935445","892103.766335"
"72","236277.385212","891964.129727"
"72","236282.154237","891974.096304"
"72","236293.210794","892010.220503"
"72","236295.763694","892016.735175"
"73","236260.5522","891940.048501"
"73","236268.4663","891950.586001"
"74","235970.977397","891517.004553"
"74","235983.537201","891527.25805"
"74","236008.044257","891549.148009"
"74","236036.663322","891580.137854"
"74","236060.798002","891606.023132"
"74","236080.735729","891633.946391"
"74","236103.362821","891669.112356"
"74","236118.553072","891693.583199"
"74","236135.224269","891717.043062"
"75","236150.44454","891738.073319"
"75","236169.270805","891763.617826"
"75","236189.676766","891799.498028"
"75","236208.39228","891843.928658"
"75","236218.957352","891869.241745"
"75","236231.754962","891894.872182"
"75","236249.24726","891920.468569"
"75","236252.705374","891926.68674"
"76","234775.924674","892009.524313"
"76","234757.18941","892020.596303"
"76","234688.361346","892077.379982"
"77","234894.072457","891936.396462"
"77","234884.326757","891942.905262"
"78","234833.595121","891974.89882"
"78","234798.280321","891996.18222"
"79","234869.126035","891952.881774"
"79","234849.085035","891965.456274"
"80","234927.295205","891916.81232"
"80","234915.975005","891923.06552"
"81","234630.98274","892132.358154"
"81","234618.41124","892140.849154"
"82","235052.26521","891851.437964"
"82","234967.119129","891895.71999"
"82","234950.118449","891904.570315"
"83","235135.503027","891810.172047"
"83","235116.367598","891818.988418"
"83","235075.36374","891839.620752"
"84","235397.083359","890653.568895"
"84","235389.934059","890641.358995"
"85","235454.5007","890751.49936"
"85","235410.2288","890676.00266"
"86","235550.776066","890881.948915"
"86","235517.261465","890846.771148"
"86","235515.338688","890844.451005"
"87","235498.718707","890824.459854"
"87","235495.058891","890820.050684"
"87","235480.958807","890797.598188"
"87","235467.500002","890773.98382"
"88","235648.118534","890985.073966"
"88","235632.707446","890970.171667"
"88","235622.292257","890958.911724"
"89","235682.257495","891015.795061"
"89","235667.333095","891002.744461"
"90","235604.632503","890939.831346"
"90","235568.554903","890900.875946"
"91","235376.935481","890618.806714"
"91","235369.498664","890605.697536"
"91","235354.873927","890584.690775"
"91","235344.471765","890572.38846"
"92","234723.395638","892102.700188"
"92","234715.295808","892104.425952"
"92","234697.068062","892109.063054"
"92","234676.254291","892115.681001"
"92","234645.028234","892126.678259"
"93","234669.46534","892094.61018"
"93","234643.43664","892120.81858"
"94","234944.439511","892071.813388"
"94","234926.355411","892074.056188"
"95","235066.631918","892055.449405"
"95","235005.630418","892064.540605"
"96","234979.701189","892067.634517"
"96","234961.201089","892069.814417"
"97","234909.708922","892076.417471"
"97","234809.346422","892091.188224"
"97","234748.661639","892098.496108"
"98","234683.270254","892071.209018"
"98","234752.58079","892014.027297"
"98","234771.854526","892002.637087"
"99","234879.883643","891936.252538"
"99","234889.629343","891929.743738"
"100","234794.150879","891989.33038"
"100","234829.465679","891968.04698"
"101","234844.833165","891958.679726"
"101","234864.874165","891946.105226"
"102","234912.106795","891916.06288"
"102","234923.426995","891909.80968"
"103","234613.93356","892134.219646"
"103","234626.50506","892125.728646"
"104","234946.424351","891897.474285"
"104","234963.426471","891888.62321"
"104","235048.57399","891844.340436"
"105","235071.76786","891832.474448"
"105","235112.894802","891811.780182"
"105","235132.155373","891802.906153"
"106","236470.353483","890199.531253"
"106","236460.361103","890204.358792"
"106","236428.949114","890225.267138"
"106","236416.259576","890232.250233"
"107","235393.817341","890639.085205"
"107","235400.966641","890651.295105"
"108","235414.1106","890673.72634"
"108","235458.3825","890749.22304"
"109","235518.803512","890841.579595"
"109","235520.626935","890843.779852"
"109","235554.034134","890878.844885"
"110","235471.409598","890771.75558"
"110","235484.820793","890795.286412"
"110","235498.711509","890817.405516"
"110","235502.181293","890821.585746"
"111","235625.595743","890955.856076"
"111","235635.925754","890967.023933"
"111","235651.246666","890981.839034"
"112","235670.295305","890999.356939"
"112","235685.219705","891012.407539"
"113","235571.856497","890897.818254"
"113","235607.934097","890936.773654"
"114","235347.908035","890569.48294"
"114","235358.446473","890581.946425"
"114","235373.310336","890603.296664"
"114","235380.849519","890616.586286"
"115","235607.724176","890591.208948"
"115","235605.972376","890495.434848"
"116","235605.289028","890469.480895"
"116","235601.418905","890356.891176"
"116","235601.437629","890353.185731"
"117","235601.048089","890327.284339"
"117","235599.052229","890270.503688"
"117","235592.235957","890051.312637"
"117","235592.267037","890050.848932"
"118","234642.370766","892119.132541"
"118","234673.712909","892108.094399"
"118","234694.867938","892101.367946"
"118","234713.475392","892096.634248"
"118","234721.728562","892094.875812"
"119","234637.76036","892115.18122"
"119","234663.78906","892088.97282"
"120","234925.370789","892066.117012"
"120","234943.454889","892063.874212"
"121","235004.451182","892056.627995"
"121","235065.452682","892047.536795"
"122","234960.264911","892061.869383"
"122","234978.765011","892059.689483"
"123","234747.705161","892090.553492"
"123","234808.285578","892083.258176"
"123","234908.544078","892068.502729"
"124","235287.484799","891354.905254"
"124","235264.081616","891353.858855"
"124","235243.777205","891352.627027"
"124","235230.585199","891347.79239"
"124","235214.168036","891336.106447"
"124","235197.006707","891319.387322"
"124","235182.79946","891306.814134"
"125","235358.113672","891362.527107"
"125","235347.361046","891360.705951"
"125","235327.948893","891358.946397"
"125","235313.190342","891357.09164"
"126","235512.671964","891421.325241"
"126","235498.797723","891413.1114"
"126","235469.696315","891399.984564"
"126","235436.087879","891381.619974"
"126","235427.104351","891377.99047"
"127","235402.776333","891370.532464"
"127","235383.688633","891367.035464"
"128","236414.090024","890228.307767"
"128","236426.613486","890221.416062"
"128","236458.125097","890200.441408"
"128","236468.395917","890195.479347"
"129","234645.782039","891980.464544"
"129","234635.904431","891967.0258"
"129","234630.595151","891955.99388"
"129","234626.349925","891942.077667"
"129","234620.283788","891895.305442"
"129","234607.690774","891787.087263"
"129","234606.845101","891772.556829"
"130","234647.257368","892000.069741"
"130","234634.072614","892012.21576"
"130","234628.132197","892018.265251"
"131","234664.654943","892075.488017"
"131","234642.748613","892055.57454"
"131","234625.988023","892037.361975"
"131","234625.210088","892036.611167"
"132","234189.794578","891244.272721"
"132","234162.559306","891235.09191"
"132","234119.896764","891215.955707"
"132","234054.213357","891186.09335"
"132","234030.133574","891175.419057"
"133","235610.471624","890495.352552"
"133","235612.223424","890591.126652"
"134","235605.937571","890353.208469"
"134","235605.919295","890356.825224"
"134","235609.786372","890469.326305"
"135","235596.756963","890051.149868"
"135","235596.740643","890051.393363"
"135","235603.549771","890270.354712"
"135","235605.545311","890327.126261"
"136","235055.712866","892131.058276"
"136","235065.275424","892094.612668"
"136","235073.552906","892061.637792"
"137","234722.147844","892094.775888"
"137","234716.813981","892093.297818"
"137","234702.619817","892090.684424"
"137","234688.016468","892087.519758"
"138","235495.959941","892126.2215"
"138","235484.448477","892120.1899"
"138","235448.904004","892103.834295"
"138","235420.316068","892090.606438"
"138","235383.7533","892075.003439"
"138","235329.7256","892060.404053"
"138","235297.498836","892054.376724"
"139","235226.820181","892046.615046"
"139","235207.700712","892045.008051"
"139","235176.716315","892046.25397"
"140","235150.854168","892047.617511"
"140","235095.985646","892051.197978"
"140","235092.332554","892051.715113"
"141","235272.134052","892050.799128"
"141","235252.669652","892048.937428"
"142","235185.78174","891303.444266"
"142","235200.069693","891316.088878"
"142","235217.059964","891332.641353"
"142","235232.701801","891343.77541"
"142","235244.707195","891348.175173"
"142","235264.318384","891349.364945"
"142","235287.685801","891350.409746"
"143","235478.048676","891169.698366"
"143","235474.606452","891169.8682"
"143","235451.136989","891169.191565"
"143","235431.880859","891167.981431"
"143","235392.763344","891165.445476"
"143","235374.711326","891162.539325"
"143","235358.01055","891157.613665"
"143","235328.057869","891146.046251"
"143","235317.173911","891140.037238"
"144","235313.751458","891352.62676"
"144","235328.432707","891354.471803"
"144","235347.940754","891356.240049"
"144","235358.865128","891358.090293"
"145","235588.255458","891166.319027"
"145","235582.768062","891164.244549"
"145","235568.346518","891162.024348"
"145","235555.816945","891163.096015"
"146","235428.790049","891373.81813"
"146","235438.016121","891377.545626"
"146","235471.703285","891395.953236"
"146","235500.875477","891409.112"
"146","235514.964436","891417.452959"
"147","235529.902928","891165.247922"
"147","235519.855105","891166.085581"
"147","235504.084341","891167.713606"
"148","235384.499567","891362.609136"
"148","235403.587267","891366.106136"
"149","235634.498907","891185.875268"
"149","235612.211407","891176.095468"
"150","235294.203163","891128.131435"
"150","235269.037463","891115.915735"
"151","235245.766457","891104.171692"
"151","235240.313575","891101.313232"
"151","235230.734622","891097.982388"
"151","235227.141942","891097.822783"
"152","235612.012249","890730.807572"
"152","235610.012787","890713.490309"
"152","235608.608139","890617.180212"
"153","235684.311005","891013.21587"
"153","235679.814517","891006.667812"
"153","235664.467692","890967.755308"
"153","235656.141273","890942.945296"
"153","235647.469457","890912.018927"
"153","235620.36783","890830.450146"
"153","235616.097656","890803.564726"
"153","235614.006872","890788.285073"
"153","235613.639051","890756.488826"
"154","234611.337499","891772.295371"
"154","234612.175626","891786.696137"
"154","234624.750212","891894.755958"
"154","234630.764075","891941.125133"
"154","234634.799049","891954.35212"
"154","234639.777969","891964.6976"
"154","234649.407961","891977.799456"
"155","234624.921403","892015.112349"
"155","234630.940786","892008.98244"
"155","234644.208432","891996.760059"
"156","234628.335112","892033.373233"
"156","234629.208977","892034.216625"
"156","234645.923987","892052.37966"
"156","234667.681857","892072.158183"
"157","234031.957226","891171.305143"
"157","234056.056443","891181.98805"
"157","234121.748836","891211.854493"
"157","234164.202694","891230.89709"
"157","234191.232022","891240.008479"
"158","235077.917494","892062.733408"
"158","235069.634176","892095.731532"
"158","235060.065534","892132.200324"
"159","234688.969532","892083.121842"
"159","234703.503983","892086.271576"
"159","234717.824219","892088.908182"
"159","234723.349556","892090.439312"
"160","235298.969564","892046.513076"
"160","235331.5072","892052.598547"
"160","235386.3795","892067.426161"
"160","235423.566532","892083.295562"
"160","235452.255796","892096.570305"
"160","235487.979323","892113.0083"
"160","235499.672859","892119.1353"
"161","235176.394885","892038.26043"
"161","235207.875688","892036.994549"
"161","235227.490219","892038.643154"
"162","235091.211246","892043.794087"
"162","235095.163354","892043.234622"
"162","235150.333232","892039.634489"
"163","235253.431348","892040.973772"
"163","235272.895748","892042.835472"
"164","235319.348889","891136.097762"
"164","235329.964731","891141.958749"
"164","235359.46005","891153.349535"
"164","235375.709474","891158.142075"
"164","235393.267656","891160.968724"
"164","235432.167541","891163.490569"
"164","235451.343011","891164.695635"
"164","235474.560348","891165.365"
"164","235477.826924","891165.203834"
"165","235555.433455","891158.612385"
"165","235568.499282","891157.494852"
"165","235583.918538","891159.868651"
"165","235589.846742","891162.109773"
"166","235503.622259","891163.237394"
"166","235519.437095","891161.604819"
"166","235529.529072","891160.763478"
"167","235614.019593","891171.974732"
"167","235636.307093","891181.754532"
"168","235271.002537","891111.867465"
"168","235296.168237","891124.083165"
"169","235227.341658","891093.327217"
"169","235231.591378","891093.516012"
"169","235242.107025","891097.172568"
"169","235247.855743","891100.186108"
"170","234258.223475","891263.016759"
"170","234232.623575","891256.683759"
"171","235613.107661","890617.114588"
"171","235614.509013","890713.198691"
"171","235616.482551","890730.291428"
"172","234554.187206","891295.491819"
"172","234543.258706","891294.713719"
"173","235618.138749","890756.436774"
"173","235618.503328","890787.952727"
"173","235620.549544","890802.906674"
"173","235624.75437","890829.380654"
"173","235651.773543","890910.701273"
"173","235660.443527","890941.621104"
"173","235668.696708","890966.212892"
"173","235683.813283","891004.541588"
"173","235688.020595","891010.66853"
"174","234727.053547","891323.634267"
"174","234709.723063","891317.591807"
"174","234683.728168","891311.809724"
"175","234217.266669","891252.777653"
"175","234204.868269","891249.218453"
"176","234658.33353","891306.787026"
"176","234647.02483","891304.826326"
"177","235253.317937","890311.436444"
"177","235248.715569","890277.690137"
"177","235239.101699","890226.710945"
"177","235231.416311","890200.362737"
"178","234629.427332","891302.24074"
"178","234606.106432","891300.41544"
"179","234426.928761","891292.857067"
"179","234406.412032","891293.303623"
"179","234376.710386","891289.134298"
"179","234350.734655","891285.29188"
"180","235328.284042","890551.866348"
"180","235317.890341","890537.725512"
"180","235303.850507","890514.108893"
"180","235289.87613","890481.570286"
"180","235279.278443","890445.802691"
"180","235266.307638","890394.539324"
"180","235258.233104","890353.247335"
"180","235256.478498","890337.180564"
"181","234517.377485","891293.317283"
"181","234495.502457","891292.513538"
"181","234478.580342","891292.242311"
"182","235958.52108","890564.94248"
"182","235952.743666","890573.321855"
"182","235940.191105","890586.257918"
"182","235919.719002","890608.437391"
"182","235878.771092","890644.186383"
"182","235834.193229","890683.089932"
"182","235830.826722","890686.727479"
"183","234325.053533","891280.100497"
"183","234283.411333","891269.375697"
"184","235813.463706","890705.996495"
"184","235808.355312","890711.819649"
"184","235790.709498","890737.964486"
"184","235781.137362","890751.268485"
"184","235773.361243","890762.176497"
"184","235770.037074","890767.357642"
"184","235767.908319","890771.458941"
"185","234461.804115","891292.114905"
"185","234443.785115","891292.493105"
"186","235979.756512","890533.906967"
"186","235968.351212","890550.643267"
"187","234595.951316","891299.477"
"187","234572.171916","891296.9498"
"188","235757.306327","890794.892118"
"188","235751.192707","890810.608103"
"188","235741.900413","890843.978195"
"188","235728.863404","890894.315819"
"188","235717.414733","890939.354505"
"188","235698.960994","891010.637491"
"189","234765.814077","891335.709936"
"189","234761.266009","891334.859144"
"189","234743.983294","891329.388499"
"190","236024.970109","890477.855728"
"190","236014.005489","890489.715375"
"190","235991.779129","890516.356171"
"190","235989.55004","890519.605831"
"191","234940.944557","891316.983504"
"191","234918.575892","891316.040764"
"191","234896.435295","891317.14514"
"191","234888.877926","891317.76126"
"192","236220.883274","890309.646648"
"192","236213.219832","890314.079396"
"192","236191.418354","890330.459934"
"193","235171.263869","891297.554483"
"193","235160.027169","891292.755383"
"194","236400.271314","890241.195307"
"194","236391.547623","890246.272734"
"194","236377.436522","890252.159832"
"195","234863.263777","891320.871063"
"195","234858.210767","891321.687942"
"195","234836.030563","891327.614929"
"196","236170.871992","890346.298386"
"196","236162.961251","890352.553842"
"196","236120.254365","890389.164381"
"196","236043.24427","890458.566484"
"196","236042.808215","890459.016188"
"197","234810.753037","891333.94863"
"197","234802.156218","891335.991721"
"197","234784.687108","891337.148783"
"197","234783.869841","891337.118229"
"198","236360.505487","890259.278949"
"198","236359.875035","890259.544853"
"198","236333.370467","890267.201699"
"198","236244.012623","890298.956807"
"199","235047.478969","891304.338085"
"199","235036.171089","891306.790409"
"199","235007.009273","891313.664515"
"199","234980.994183","891317.125423"
"199","234967.033243","891317.113899"
"200","234188.621227","890704.75403"
"200","234167.230385","890692.823536"
"200","234149.623923","890683.075453"
"200","234099.441199","890655.209374"
"201","235145.632471","891289.533403"
"201","235135.111092","891289.017802"
"201","235118.914012","891290.135952"
"201","235093.833083","891295.872383"
"201","235072.900001","891299.426259"
"202","234671.549907","890955.497908"
"202","234654.344291","890950.178456"
"202","234630.419674","890941.462922"
"202","234625.026167","890939.068566"
"203","235522.829679","892130.385015"
"203","235570.956179","892151.982015"
"204","235201.097438","891095.97405"
"204","235122.937297","891088.342074"
"204","235062.137377","891083.371868"
"204","235029.664378","891079.517865"
"204","235010.195792","891073.674906"
"204","234972.713713","891059.009832"
"204","234858.615162","891012.463904"
"204","234833.833698","891003.154101"
"204","234807.721516","890994.941765"
"204","234773.562903","890985.00657"
"204","234718.367092","890969.294866"
"204","234696.49629","890962.964076"
"205","234427.378184","890837.152168"
"205","234392.296484","890817.780668"
"206","234547.053564","890902.622769"
"206","234535.615873","890896.457224"
"206","234450.168905","890849.682438"
"207","234269.11289","890748.219697"
"207","234211.45879","890717.254497"
"208","234369.658363","890804.87361"
"208","234333.247263","890783.44921"
"209","234310.683109","890770.699299"
"209","234291.986209","890760.562599"
"210","234233.704225","891252.315441"
"210","234259.304125","891258.648441"
"211","234543.578294","891290.225081"
"211","234554.506794","891291.003181"
"212","234684.705232","891307.417076"
"212","234710.956537","891313.256193"
"212","234728.535053","891319.385133"
"213","234206.109931","891244.893147"
"213","234218.508331","891248.452347"
"214","234647.79357","891300.392474"
"214","234659.10227","891302.353174"
"215","235235.736289","890199.102663"
"215","235243.483101","890225.661455"
"215","235253.158831","890276.968663"
"215","235257.776663","890310.828356"
"216","234606.457568","891295.92916"
"216","234629.778468","891297.75446"
"217","234351.393145","891280.84032"
"217","234377.352414","891284.680302"
"217","234406.677568","891288.796777"
"217","234426.830839","891288.358133"
"218","235260.951902","890336.692036"
"218","235262.685896","890352.570065"
"218","235270.700362","890393.554876"
"218","235283.618757","890444.611109"
"218","235294.11547","890480.037914"
"218","235307.869093","890512.062507"
"218","235321.646259","890535.237288"
"218","235331.909958","890549.201252"
"219","234478.652458","891287.742889"
"219","234495.621143","891288.014862"
"219","234517.542715","891288.820317"
"220","235774.572206","892118.494025"
"220","235765.502988","892075.618322"
"220","235758.002683","892040.738816"
"221","235827.524078","890683.670921"
"221","235831.053571","890679.857268"
"221","235875.811908","890640.796217"
"221","235916.576798","890605.207009"
"221","235936.922495","890583.164482"
"221","235949.252334","890570.457945"
"221","235954.81632","890562.38812"
"222","234284.533667","891265.017903"
"222","234326.175867","891275.742703"
"223","235641.812523","891461.306736"
"223","235634.986548","891422.443692"
"223","235633.568949","891408.320411"
"224","235763.914281","890769.385859"
"224","235766.138126","890765.101358"
"224","235769.633157","890759.653903"
"224","235777.478838","890748.648315"
"224","235787.017302","890735.391114"
"224","235804.784688","890709.066151"
"224","235810.080894","890703.028905"
"225","234443.690685","891287.994095"
"225","234461.709685","891287.615895"
"226","235677.52505","891645.183104"
"226","235667.78535","891595.207604"
"227","235648.756829","891498.520922"
"227","235646.510129","891486.917822"
"228","235964.632588","890548.109133"
"228","235976.037888","890531.372833"
"229","234572.647484","891292.475"
"229","234596.426884","891295.0022"
"230","235752.729238","892015.244077"
"230","235746.980233","891986.309215"
"230","235732.480219","891916.651735"
"231","235662.882521","891569.661051"
"231","235657.989219","891543.76408"
"231","235653.880301","891524.042832"
"232","235694.604606","891009.509709"
"232","235713.055867","890938.236295"
"232","235724.504596","890893.197381"
"232","235737.554387","890842.810405"
"232","235746.917693","890809.185297"
"232","235753.112473","890793.260682"
"233","234745.341306","891325.098301"
"233","234762.362791","891330.486256"
"233","234766.641523","891331.286664"
"234","235727.108203","891891.226614"
"234","235717.099591","891844.548098"
"234","235702.639076","891773.880062"
"235","235946.911684","891506.526756"
"235","235945.29755","891505.68764"
"235","235898.273984","891482.142687"
"235","235843.475696","891456.543592"
"235","235802.240407","891436.511016"
"236","235985.83916","890517.060369"
"236","235988.188071","890513.636029"
"236","236010.623511","890486.744625"
"236","236021.665891","890474.800872"
"237","234888.512274","891313.27614"
"237","234896.140305","891312.65426"
"237","234918.558508","891311.536036"
"237","234941.134043","891312.487496"
"238","235697.675335","891748.313356"
"238","235696.574903","891742.323485"
"238","235682.516432","891670.702582"
"239","235756.59224","891414.598006"
"239","235741.833453","891410.896415"
"239","235714.375375","891408.217309"
"239","235690.872179","891405.868365"
"239","235670.632123","891402.300278"
"239","235654.184287","891398.687177"
"239","235648.514859","891398.289999"
"240","236188.715246","890326.862266"
"240","236210.732768","890310.319404"
"240","236218.630126","890305.751352"
"241","235161.794631","891288.617017"
"241","235173.031331","891293.416117"
"242","235787.153802","891429.158136"
"242","235771.370902","891421.380236"
"243","236375.703879","890248.006768"
"243","236389.540777","890242.234066"
"243","236398.007686","890237.306093"
"244","234834.868837","891323.267471"
"244","234857.268433","891317.281858"
"244","234862.545623","891316.428737"
"245","235631.063731","891397.51772"
"245","235622.571227","891397.755341"
"245","235610.026128","891400.985433"
"246","236039.577585","890455.883612"
"246","236040.11913","890455.325116"
"246","236117.283235","890385.784219"
"246","236160.100149","890349.079358"
"246","236168.080808","890342.768614"
"247","234784.037959","891332.621371"
"247","234784.622292","891332.643217"
"247","234801.482582","891331.526479"
"247","234809.712563","891329.57057"
"248","235593.061116","891405.578152"
"248","235554.733314","891417.738094"
"248","235538.001014","891423.740261"
"249","236242.505777","890294.716593"
"249","236331.991333","890262.916101"
"249","236358.370965","890255.295347"
"249","236358.756713","890255.132651"
"250","234967.036957","891312.613901"
"250","234980.698017","891312.625177"
"250","235006.194327","891309.233285"
"250","235035.177911","891302.401191"
"250","235046.525231","891299.940315"
"251","235507.874905","892032.385318"
"251","235504.948505","892017.286418"
"252","234101.625801","890651.275226"
"252","234151.806077","890679.139947"
"252","234169.416215","890688.890064"
"252","234190.813173","890700.82397"
"253","235072.146799","891294.989741"
"253","235092.954117","891291.457217"
"253","235118.253388","891285.670848"
"253","235135.066108","891284.510198"
"253","235145.852729","891285.038797"
"254","235498.362797","891775.043566"
"254","235478.958985","891678.707038"
"254","235476.974089","891668.663008"
"255","234626.852033","890934.955634"
"255","234632.104726","890937.287478"
"255","234655.779909","890945.912144"
"255","234672.879093","890951.198692"
"256","235502.922928","892000.932305"
"256","235501.527532","891987.764498"
"256","235501.034515","891968.451425"
"256","235504.599883","891955.689776"
"257","234697.74751","890958.641524"
"257","234719.608708","890964.969534"
"257","234774.807297","890980.68203"
"257","234809.025084","890990.634435"
"257","234835.301102","890998.898299"
"257","234860.256638","891008.273496"
"257","234974.383487","891054.830968"
"257","235011.664808","891069.417494"
"257","235030.583222","891075.095335"
"257","235062.586023","891078.893532"
"257","235123.339303","891083.859926"
"257","235201.534762","891091.49535"
"258","234719.959655","891545.501577"
"258","234723.050155","891534.958677"
"259","235471.932323","891643.156679"
"259","235459.50534","891580.298986"
"259","235460.393631","891572.11297"
"260","234394.471716","890813.841332"
"260","234429.553416","890833.212832"
"261","234604.474245","891746.832621"
"261","234601.731846","891725.12594"
"261","234599.359919","891699.317372"
"261","234600.368229","891688.895708"
"261","234604.767623","891678.148296"
"261","234613.377695","891666.101305"
"261","234658.155187","891626.820315"
"261","234677.629176","891610.099154"
"261","234689.978141","891597.123825"
"261","234699.148337","891584.793634"
"261","234709.588363","891568.372914"
"262","235511.416285","891834.750265"
"262","235503.772685","891800.521265"
"263","234452.329695","890845.735162"
"263","234537.763927","890892.502976"
"263","234549.188836","890898.661631"
"264","235511.511956","891930.640446"
"264","235514.992999","891917.865964"
"264","235520.454766","891899.598468"
"264","235520.831726","891887.65841"
"264","235518.550434","891872.653004"
"264","235516.414776","891860.140665"
"265","234213.58801","890713.290103"
"265","234271.24211","890744.255303"
"266","235464.471053","891546.251952"
"266","235464.720594","891545.012393"
"266","235471.963855","891521.716077"
"267","234335.529337","890779.57079"
"267","234371.940437","890800.99519"
"268","235480.59767","891497.040947"
"268","235499.942888","891447.418673"
"268","235509.500951","891432.493298"
"268","235512.652155","891430.645874"
"269","234294.130991","890756.606601"
"269","234312.827891","890766.743301"
"270","234756.598844","891444.116348"
"270","234762.046892","891430.245352"
"270","234765.971448","891409.981976"
"271","234768.661001","891384.694772"
"271","234768.699601","891347.381772"
"272","234730.36711","891510.008949"
"272","234733.700169","891498.648886"
"272","234744.461756","891471.425076"
"272","234746.242578","891467.753654"
"273","235762.402117","892039.792784"
"273","235769.904012","892074.679678"
"273","235778.974794","892117.562775"
"274","235636.186021","891382.05136"
"274","235638.939169","891365.589293"
"274","235636.305578","891346.883737"
"274","235629.465389","891324.936542"
"274","235620.822195","891298.695945"
"274","235620.314901","891296.363462"
"274","235619.327606","891291.940118"
"274","235618.010854","891282.280138"
"274","235618.933891","891269.030875"
"274","235620.819517","891262.725084"
"275","235638.046451","891407.870989"
"275","235639.447452","891421.828908"
"275","235646.244677","891460.528264"
"276","235628.67268","891237.869737"
"276","235641.06478","891200.661537"
"277","235672.20225","891594.346796"
"277","235681.94195","891644.322296"
"278","235650.928071","891486.062378"
"278","235653.174771","891497.665478"
"279","235672.643109","891096.032314"
"279","235688.155409","891034.709914"
"280","235736.885781","891915.734665"
"280","235751.389967","891985.412185"
"280","235757.142962","892014.367123"
