shapeid,id,x,y,z,seq_id
38876,38876,235185.7817,891303.4443,0,1
38876,38876,235200.0697,891316.0889,0,2
38876,38876,235217.06,891332.6414,0,3
38876,38876,235232.7018,891343.7754,0,4
38876,38876,235244.7072,891348.1752,0,5
38876,38876,235264.3184,891349.3649,0,6
38876,38876,235287.6858,891350.4097,0,7
38876,38876,235300.71865,891351.51825,0,8
38877,38877,235300.71865,891351.51825,0,1
38877,38877,235313.7515,891352.6268,0,2
38877,38877,235328.4327,891354.4718,0,3
38877,38877,235347.9408,891356.24,0,4
38877,38877,235358.8651,891358.0903,0,5
38877,38877,235371.68235000002,891360.3497,0,6
38878,38878,235416.18865000003,891369.9621,0,1
38878,38878,235428.79,891373.8181,0,2
38878,38878,235438.0161,891377.5456,0,3
38878,38878,235471.7033,891395.9532,0,4
38878,38878,235500.8755,891409.112,0,5
38878,38878,235514.9644,891417.453,0,6
38879,38879,235371.68235000002,891360.3497,0,1
38879,38879,235384.4996,891362.6091,0,2
38879,38879,235403.5873,891366.1061,0,3
38879,38879,235416.18865000003,891369.9621,0,4
38889,38889,234031.9572,891171.3051,0,1
38889,38889,234056.0564,891181.9881,0,2
38889,38889,234121.7488,891211.8545,0,3
38889,38889,234164.2027,891230.8971,0,4
38889,38889,234191.232,891240.0085,0,5
38889,38889,234198.67095,891242.4508,0,6
46663,46663,235610.12900000002,890482.33945,0,1
46663,46663,235610.4716,890495.3526,0,2
46663,46663,235612.2234,890591.1267,0,3
46663,46663,235612.66554999998,890604.1206499999,0,4
46664,46664,235605.74145,890340.1673999999,0,1
46664,46664,235605.9376,890353.2085,0,2
46664,46664,235605.9193,890356.8252,0,3
46664,46664,235609.7864,890469.3263,0,4
46664,46664,235610.12900000002,890482.33945,0,5
46665,46665,235596.757,890051.1499,0,1
46665,46665,235596.7406,890051.3934,0,2
46665,46665,235603.5498,890270.3547,0,3
46665,46665,235605.5453,890327.1263,0,4
46665,46665,235605.74145,890340.1673999999,0,5
46752,46752,235307.75855,891130.0904999999,0,1
46752,46752,235319.3489,891136.0978,0,2
46752,46752,235329.9647,891141.9587,0,3
46752,46752,235359.4601,891153.3495,0,4
46752,46752,235375.7095,891158.1421,0,5
46752,46752,235393.2677,891160.9687,0,6
46752,46752,235432.1675,891163.4906,0,7
46752,46752,235451.343,891164.6956,0,8
46752,46752,235474.5603,891165.365,0,9
46752,46752,235477.8269,891165.2038,0,10
46752,46752,235490.7246,891164.2206,0,11
46753,46753,235542.4813,891159.6879499999,0,1
46753,46753,235555.4335,891158.6124,0,2
46753,46753,235568.4993,891157.4949,0,3
46753,46753,235583.9185,891159.8687,0,4
46753,46753,235589.8467,891162.1098,0,5
46753,46753,235601.93315,891167.0422499999,0,6
46754,46754,235490.7246,891164.2206,0,1
46754,46754,235503.6223,891163.2374,0,2
46754,46754,235519.4371,891161.6048,0,3
46754,46754,235529.5291,891160.7635,0,4
46754,46754,235542.4813,891159.6879499999,0,5
46755,46755,235601.93315,891167.0422499999,0,1
46755,46755,235614.0196,891171.9747,0,2
46755,46755,235636.3071,891181.7545,0,3
46756,46756,235259.4291,891106.0268000001,0,1
46756,46756,235271.0025,891111.8675,0,2
46756,46756,235296.1682,891124.0832,0,3
46756,46756,235307.75855,891130.0904999999,0,4
46757,46757,235227.3417,891093.3272,0,1
46757,46757,235231.5914,891093.516,0,2
46757,46757,235242.107,891097.1726,0,3
46757,46757,235247.8557,891100.1861,0,4
46757,46757,235259.4291,891106.0268000001,0,5
46758,46758,235612.66554999998,890604.1206499999,0,1
46758,46758,235613.1077,890617.1146,0,2
46758,46758,235614.509,890713.1987,0,3
46758,46758,235616.4826,890730.2914,0,4
46758,46758,235617.31065,890743.3641,0,5
46759,46759,235617.31065,890743.3641,0,1
46759,46759,235618.1387,890756.4368,0,2
46759,46759,235618.5033,890787.9527,0,3
46759,46759,235620.5495,890802.9067,0,4
46759,46759,235624.7544,890829.3807,0,5
46759,46759,235651.7735,890910.7013,0,6
46759,46759,235660.4435,890941.6211,0,7
46759,46759,235668.6967,890966.2129,0,8
46759,46759,235683.8133,891004.5416,0,9
46759,46759,235688.0206,891010.6685,0,10
47505,47505,236330.05955,892116.1217,0,1
47505,47505,236334.1837,892128.4771,0,2
47505,47505,236352.689,892186.1613,0,3
47505,47505,236377.1656,892255.4095,0,4
47507,47507,236300.26140000002,892028.98065,0,1
47507,47507,236304.7591,892041.2261,0,2
47507,47507,236317.6191,892078.7076,0,3
47507,47507,236320.2134,892087.2702,0,4
47507,47507,236325.9354,892103.7663,0,5
47507,47507,236330.05955,892116.1217,0,6
47511,47511,236272.92575,891957.35785,0,1
47511,47511,236277.3852,891964.1297,0,2
47511,47511,236282.1542,891974.0963,0,3
47511,47511,236293.2108,892010.2205,0,4
47511,47511,236295.7637,892016.7352,0,5
47511,47511,236300.26140000002,892028.98065,0,6
47512,47512,236256.6288,891933.3676,0,1
47512,47512,236260.5522,891940.0485,0,2
47512,47512,236268.4663,891950.586,0,3
47512,47512,236272.92575,891957.35785,0,4
47513,47513,235959.98235,891509.7693,0,1
47513,47513,235970.9774,891517.0046,0,2
47513,47513,235983.5372,891527.2581,0,3
47513,47513,236008.0443,891549.148,0,4
47513,47513,236036.6633,891580.1379,0,5
47513,47513,236060.798,891606.0231,0,6
47513,47513,236080.7357,891633.9464,0,7
47513,47513,236103.3628,891669.1124,0,8
47513,47513,236118.5531,891693.5832,0,9
47513,47513,236135.2243,891717.0431,0,10
47513,47513,236142.8344,891727.5582000001,0,11
47514,47514,236142.8344,891727.5582000001,0,1
47514,47514,236150.4445,891738.0733,0,2
47514,47514,236169.2708,891763.6178,0,3
47514,47514,236189.6768,891799.498,0,4
47514,47514,236208.3923,891843.9287,0,5
47514,47514,236218.9574,891869.2417,0,6
47514,47514,236231.755,891894.8722,0,7
47514,47514,236249.2473,891920.4686,0,8
47514,47514,236252.7054,891926.6867,0,9
47514,47514,236256.6288,891933.3676,0,10
60768,60768,234610.13815,891759.2819999999,0,1
60768,60768,234611.3375,891772.2954,0,2
60768,60768,234612.1756,891786.6961,0,3
60768,60768,234624.7502,891894.756,0,4
60768,60768,234630.7641,891941.1251,0,5
60768,60768,234634.799,891954.3521,0,6
60768,60768,234639.778,891964.6976,0,7
60768,60768,234649.408,891977.7995,0,8
60768,60768,234648.3327,891988.9346,0,9
60769,60769,234625.06575,892025.86175,0,1
60769,60769,234624.9214,892015.1123,0,2
60769,60769,234630.9408,892008.9824,0,3
60769,60769,234644.2084,891996.7601,0,4
60769,60769,234644.9952,891988.6122999999,0,5
60770,60770,234628.23365,892025.81925,0,1
60770,60770,234628.3351,892033.3732,0,2
60770,60770,234629.209,892034.2166,0,3
60770,60770,234645.924,892052.3797,0,4
60770,60770,234667.6819,892072.1582,0,5
61021,61021,235517.29174999997,892059.746,0,1
61021,61021,235518.5892,892067.6887,0,2
61021,61021,235519.3605,892072.5297,0,3
61021,61021,235520.2884,892089.4805,0,4
61021,61021,235516.7679,892107.4848,0,5
61021,61021,235515.1957,892116.6385,0,6
61022,61022,235512.8797,892034.66205,0,1
61022,61022,235513.4667,892037.795,0,2
61022,61022,235515.9943,892051.8033,0,3
61022,61022,235517.29174999997,892059.746,0,4
61027,61027,235509.6106,892133.1082,0,1
61027,61027,235508.5097,892135.2614,0,2
61027,61027,235501.775,892148.9137,0,3
63414,63414,234688.9695,892083.1218,0,1
63414,63414,234703.504,892086.2716,0,2
63414,63414,234717.8242,892088.9082,0,3
63414,63414,234723.3496,892090.4393,0,4
64538,64538,235235.7363,890199.1027,0,1
64538,64538,235243.4831,890225.6615,0,2
64538,64538,235253.1588,890276.9687,0,3
64538,64538,235257.7767,890310.8284,0,4
64538,64538,235259.3643,890323.7602,0,5
64540,64540,235259.3643,890323.7602,0,1
64540,64540,235260.9519,890336.692,0,2
64540,64540,235262.6859,890352.5701,0,3
64540,64540,235270.7004,890393.5549,0,4
64540,64540,235283.6188,890444.6111,0,5
64540,64540,235294.1155,890480.0379,0,6
64540,64540,235307.8691,890512.0625,0,7
64540,64540,235321.6463,890535.2373,0,8
64540,64540,235331.91,890549.2013,0,9
64540,64540,235339.90899999999,890559.3421,0,10
64541,64541,235818.8025,890693.3499,0,1
64541,64541,235827.5241,890683.6709,0,2
64541,64541,235831.0536,890679.8573,0,3
64541,64541,235875.8119,890640.7962,0,4
64541,64541,235916.5768,890605.207,0,5
64541,64541,235936.9225,890583.1645,0,6
64541,64541,235949.2523,890570.4579,0,7
64541,64541,235954.8163,890562.3881,0,8
64541,64541,235959.72445,890555.2486,0,9
64542,64542,235758.5134,890781.3233,0,1
64542,64542,235763.9143,890769.3859,0,2
64542,64542,235766.1381,890765.1014,0,3
64542,64542,235769.6332,890759.6539,0,4
64542,64542,235777.4788,890748.6483,0,5
64542,64542,235787.0173,890735.3911,0,6
64542,64542,235804.7847,890709.0662,0,7
64542,64542,235810.0809,890703.0289,0,8
64542,64542,235818.8025,890693.3499,0,9
64543,64543,235959.72445,890555.2486,0,1
64543,64543,235964.6326,890548.1091,0,2
64543,64543,235976.0379,890531.3728,0,3
64543,64543,235980.93855,890524.2165999999,0,4
64544,64544,235694.6046,891009.5097,0,1
64544,64544,235713.0559,890938.2363,0,2
64544,64544,235724.5046,890893.1974,0,3
64544,64544,235737.5544,890842.8104,0,4
64544,64544,235746.9177,890809.1853,0,5
64544,64544,235753.1125,890793.2607,0,6
64544,64544,235758.5134,890781.3233,0,7
64545,64545,235980.93855,890524.2165999999,0,1
64545,64545,235985.8392,890517.0604,0,2
64545,64545,235988.1881,890513.636,0,3
64545,64545,236010.6235,890486.7446,0,4
64545,64545,236021.6659,890474.8009,0,5
64545,64545,236030.62175,890465.34225,0,6
64546,64546,236178.398,890334.81545,0,1
64546,64546,236188.7152,890326.8623,0,2
64546,64546,236210.7328,890310.3194,0,3
64546,64546,236218.6301,890305.7514,0,4
64546,64546,236230.56795,890300.2339999999,0,5
64547,64547,236367.2303,890251.56975,0,1
64547,64547,236375.7039,890248.0068,0,2
64547,64547,236389.5408,890242.2341,0,3
64547,64547,236398.0077,890237.3061,0,4
64547,64547,236406.04885,890232.80695,0,5
64548,64548,236030.62175,890465.34225,0,1
64548,64548,236039.5776,890455.8836,0,2
64548,64548,236040.1191,890455.3251,0,3
64548,64548,236117.2832,890385.7842,0,4
64548,64548,236160.1001,890349.0794,0,5
64548,64548,236168.0808,890342.7686,0,6
64548,64548,236178.398,890334.81545,0,7
64549,64549,236230.56795,890300.2339999999,0,1
64549,64549,236242.5058,890294.7166,0,2
64549,64549,236331.9913,890262.9161,0,3
64549,64549,236358.371,890255.2953,0,4
64549,64549,236358.7567,890255.1327,0,5
64549,64549,236367.2303,890251.56975,0,6
64550,64550,234101.6258,890651.2752,0,1
64550,64550,234151.8061,890679.1399,0,2
64550,64550,234169.4162,890688.8901,0,3
64550,64550,234190.8132,890700.824,0,4
64550,64550,234202.20059999998,890707.05705,0,5
64551,64551,234615.00325,890929.6318999999,0,1
64551,64551,234626.852,890934.9556,0,2
64551,64551,234632.1047,890937.2875,0,3
64551,64551,234655.7799,890945.9121,0,4
64551,64551,234672.8791,890951.1987,0,5
64551,64551,234685.31329999998,890954.9201,0,6
64552,64552,234685.31329999998,890954.9201,0,1
64552,64552,234697.7475,890958.6415,0,2
64552,64552,234719.6087,890964.9695,0,3
64552,64552,234774.8073,890980.682,0,4
64552,64552,234809.0251,890990.6344,0,5
64552,64552,234835.3011,890998.8983,0,6
64552,64552,234860.2566,891008.2735,0,7
64552,64552,234974.3835,891054.831,0,8
64552,64552,235011.6648,891069.4175,0,9
64552,64552,235030.5832,891075.0953,0,10
64552,64552,235062.586,891078.8935,0,11
64552,64552,235123.3393,891083.8599,0,12
64552,64552,235201.5348,891091.4954,0,13
64553,64553,234383.20604999998,890807.41825,0,1
64553,64553,234394.4717,890813.8413,0,2
64553,64553,234429.5534,890833.2128,0,3
64553,64553,234440.94155,890839.4739999999,0,4
64554,64554,234440.94155,890839.4739999999,0,1
64554,64554,234452.3297,890845.7352,0,2
64554,64554,234537.7639,890892.503,0,3
64554,64554,234549.1888,890898.6616,0,4
64554,64554,234560.73105,890904.4639,0,5
64555,64555,234202.20059999998,890707.05705,0,1
64555,64555,234213.588,890713.2901,0,2
64555,64555,234271.2421,890744.2553,0,3
64555,64555,234282.68654999998,890750.43095,0,4
64556,64556,234324.17859999998,890773.15705,0,1
64556,64556,234335.5293,890779.5708,0,2
64556,64556,234371.9404,890800.9952,0,3
64556,64556,234383.20604999998,890807.41825,0,4
64557,64557,234282.68654999998,890750.43095,0,1
64557,64557,234294.131,890756.6066,0,2
64557,64557,234312.8279,890766.7433,0,3
64557,64557,234324.17859999998,890773.15705,0,4
66005,66005,235077.9175,892062.7334,0,1
66005,66005,235069.6342,892095.7315,0,2
66005,66005,235060.0655,892132.2003,0,3
66096,66096,234226.10625,891250.38385,0,1
66096,66096,234233.7042,891252.3154,0,2
66096,66096,234259.3041,891258.6484,0,3
66096,66096,234271.9189,891261.83315,0,4
66097,66097,234530.5605,891289.5227000001,0,1
66097,66097,234543.5783,891290.2251,0,2
66097,66097,234554.5068,891291.0032,0,3
66097,66097,234563.57715,891291.7391,0,4
66098,66098,234671.90375,891304.88515,0,1
66098,66098,234684.7052,891307.4171,0,2
66098,66098,234710.9565,891313.2562,0,3
66098,66098,234728.5351,891319.3851,0,4
66098,66098,234736.9382,891322.2416999999,0,5
66099,66099,234198.67095,891242.4508,0,1
66099,66099,234206.1099,891244.8931,0,2
66099,66099,234218.5083,891248.4523,0,3
66099,66099,234226.10625,891250.38385,0,4
66100,66100,234638.78605,891299.0734999999,0,1
66100,66100,234647.7936,891300.3925,0,2
66100,66100,234659.1023,891302.3532,0,3
66100,66100,234671.90375,891304.88515,0,4
66101,66101,234601.44225,891295.4657000001,0,1
66101,66101,234606.4576,891295.9292,0,2
66101,66101,234629.7785,891297.7545,0,3
66101,66101,234638.78605,891299.0734999999,0,4
66102,66102,234338.7845,891278.2915,0,1
66102,66102,234351.3931,891280.8403,0,2
66102,66102,234377.3524,891284.6803,0,3
66102,66102,234406.6776,891288.7968,0,4
66102,66102,234426.8308,891288.3581,0,5
66102,66102,234435.26075000002,891288.1761,0,6
66103,66103,234470.1811,891287.6794,0,1
66103,66103,234478.6525,891287.7429,0,2
66103,66103,234495.6211,891288.0149,0,3
66103,66103,234517.5427,891288.8203,0,4
66103,66103,234530.5605,891289.5227000001,0,5
66104,66104,234271.9189,891261.83315,0,1
66104,66104,234284.5337,891265.0179,0,2
66104,66104,234326.1759,891275.7427,0,3
66104,66104,234338.7845,891278.2915,0,4
66105,66105,234435.26075000002,891288.1761,0,1
66105,66105,234443.6907,891287.9941,0,2
66105,66105,234461.7097,891287.6159,0,3
66105,66105,234470.1811,891287.6794,0,4
66106,66106,234563.57715,891291.7391,0,1
66106,66106,234572.6475,891292.475,0,2
66106,66106,234596.4269,891295.0022,0,3
66106,66106,234601.44225,891295.4657000001,0,4
66107,66107,234736.9382,891322.2416999999,0,1
66107,66107,234745.3413,891325.0983,0,2
66107,66107,234762.3628,891330.4863,0,3
66107,66107,234766.6415,891331.2867,0,4
66108,66108,234875.52895,891314.8524,0,1
66108,66108,234888.5123,891313.2761,0,2
66108,66108,234896.1403,891312.6543,0,3
66108,66108,234918.5585,891311.536,0,4
66108,66108,234941.134,891312.4875,0,5
66108,66108,234954.0855,891312.5507,0,6
66109,66109,235153.82364999998,891286.8278999999,0,1
66109,66109,235161.7946,891288.617,0,2
66109,66109,235173.0313,891293.4161,0,3
66110,66110,234822.2907,891326.4190499999,0,1
66110,66110,234834.8688,891323.2675,0,2
66110,66110,234857.2684,891317.2819,0,3
66110,66110,234862.5456,891316.4287,0,4
66110,66110,234875.52895,891314.8524,0,5
66111,66111,234784.038,891332.6214,0,1
66111,66111,234784.6223,891332.6432,0,2
66111,66111,234801.4826,891331.5265,0,3
66111,66111,234809.7126,891329.5706,0,4
66111,66111,234822.2907,891326.4190499999,0,5
66112,66112,234954.0855,891312.5507,0,1
66112,66112,234967.037,891312.6139,0,2
66112,66112,234980.698,891312.6252,0,3
66112,66112,235006.1943,891309.2333,0,4
66112,66112,235035.1779,891302.4012,0,5
66112,66112,235046.5252,891299.9403,0,6
66112,66112,235059.336,891297.4650000001,0,7
66113,66113,235059.336,891297.4650000001,0,1
66113,66113,235072.1468,891294.9897,0,2
66113,66113,235092.9541,891291.4572,0,3
66113,66113,235118.2534,891285.6708,0,4
66113,66113,235135.0661,891284.5102,0,5
66113,66113,235145.8527,891285.0388,0,6
66113,66113,235153.82364999998,891286.8278999999,0,7
66166,66166,235638.0465,891407.871,0,1
66166,66166,235639.4475,891421.8289,0,2
66166,66166,235646.2447,891460.5283,0,3
66166,66166,235648.5864,891473.29535,0,4
66167,66167,235648.5864,891473.29535,0,1
66167,66167,235650.9281,891486.0624,0,2
66167,66167,235653.1748,891497.6655,0,3
66167,66167,235655.73025000002,891510.3952500001,0,4
66168,66168,235655.73025000002,891510.3952500001,0,1
66168,66168,235658.2857,891523.125,0,2
66168,66168,235662.4032,891542.8873,0,3
66168,66168,235667.3043,891568.8255,0,4
66168,66168,235669.75329999998,891581.5861500001,0,5
66169,66169,235796.6749,891428.79255,0,1
66169,66169,235804.2068,891432.4634,0,2
66169,66169,235845.4113,891452.481,0,3
66169,66169,235900.234,891478.0915,0,4
66169,66169,235947.3429,891501.6792,0,5
66169,66169,235948.9873,891502.534,0,6
66169,66169,235959.98235,891509.7693,0,7
66170,66170,235648.8293,891393.801,0,1
66170,66170,235654.8277,891394.2212,0,2
66170,66170,235671.5059,891397.8849,0,3
66170,66170,235691.4874,891401.4074,0,4
66170,66170,235714.8176,891403.7391,0,5
66170,66170,235742.6035,891406.4502,0,6
66170,66170,235757.687,891410.2332,0,7
66170,66170,235765.52354999998,891413.7885,0,8
66171,66171,235765.52354999998,891413.7885,0,1
66171,66171,235773.3601,891417.3438,0,2
66171,66171,235789.143,891425.1217,0,3
66171,66171,235796.6749,891428.79255,0,4
66172,66172,235600.3022,891398.9582,0,1
66172,66172,235608.9041,891396.6276,0,2
66172,66172,235621.9394,891393.2713,0,3
66172,66172,235630.9379,891393.0195,0,4
66173,66173,235536.4816,891419.5045,0,1
66173,66173,235553.2927,891413.4741,0,2
66173,66173,235591.7003,891401.2888,0,3
66173,66173,235600.3022,891398.9582,0,4
66174,66174,235508.3821,892008.44415,0,1
66174,66174,235509.3663,892016.4302,0,2
66174,66174,235512.2927,892031.5291,0,3
66174,66174,235512.8797,892034.66205,0,4
66175,66175,235478.8678,891655.03725,0,1
66175,66175,235481.3887,891667.7906,0,2
66175,66175,235483.372,891677.8266,0,3
66175,66175,235502.7742,891774.155,0,4
66175,66175,235505.46935000003,891786.84775,0,5
66176,66176,235512.39375,891944.3621,0,1
66176,66176,235508.9339,891956.9006,0,2
66176,66176,235505.5503,891969.0118,0,3
66176,66176,235506.0215,891987.4695,0,4
66176,66176,235507.3979,892000.4581,0,5
66176,66176,235508.3821,892008.44415,0,6
66177,66177,235464.8674,891572.5984,0,1
66177,66177,235464.0533,891580.1008,0,2
66177,66177,235476.3469,891642.2839,0,3
66177,66177,235478.8678,891655.03725,0,4
66178,66178,235505.46935000003,891786.84775,0,1
66178,66178,235508.1645,891799.5405,0,2
66178,66178,235515.8081,891833.7695,0,3
66178,66178,235518.32935,891846.5765,0,4
66179,66179,235518.32935,891846.5765,0,1
66179,66179,235520.8506,891859.3835,0,2
66179,66179,235522.9932,891871.9362,0,3
66179,66179,235525.3425,891887.389,0,4
66179,66179,235524.934,891900.3261,0,5
66179,66179,235519.3202,891919.1022,0,6
66179,66179,235515.8536,891931.8236,0,7
66179,66179,235512.39375,891944.3621,0,8
66180,66180,235480.5256,891510.8637999999,0,1
66180,66180,235476.2609,891523.0521,0,2
66180,66180,235469.0864,891546.1274,0,3
66180,66180,235468.8825,891547.14,0,4
66181,66181,235514.928,891434.5279,0,1
66181,66181,235512.7082,891435.8293,0,2
66181,66181,235503.9733,891449.4693,0,3
66181,66181,235484.7903,891498.6755,0,4
66181,66181,235480.5256,891510.8637999999,0,5
66207,66207,234771.77519999997,891397.7685,0,1
66207,66207,234770.3894,891410.8376,0,2
66207,66207,234766.3863,891431.5062,0,3
66207,66207,234760.7874,891445.7615,0,4
66207,66207,234755.5394,891457.7395,0,5
66208,66208,234773.1996,891347.3864,0,1
66208,66208,234773.161,891384.6994,0,2
66208,66208,234771.77519999997,891397.7685,0,3
66209,66209,234755.5394,891457.7395,0,1
66209,66209,234750.2914,891469.7175,0,2
66209,66209,234748.5844,891473.2367,0,3
66209,66209,234737.9604,891500.1125,0,4
66209,66209,234734.6851,891511.2759,0,5
66209,66209,234731.02675000002,891523.7502,0,6
68458,68458,235387.3334,890627.83575,0,1
68458,68458,235393.8173,890639.0852,0,2
68458,68458,235400.9666,890651.2951,0,3
68458,68458,235407.53860000003,890662.5107,0,4
68459,68459,235407.53860000003,890662.5107,0,1
68459,68459,235414.1106,890673.7263,0,2
68459,68459,235458.3825,890749.223,0,3
68459,68459,235464.89605,890760.4893,0,4
68460,68460,235510.4924,890831.58265,0,1
68460,68460,235518.8035,890841.5796,0,2
68460,68460,235520.6269,890843.7799,0,3
68460,68460,235554.0341,890878.8449,0,4
68460,68460,235562.9453,890888.3316,0,5
68461,68461,235464.89605,890760.4893,0,1
68461,68461,235471.4096,890771.7556,0,2
68461,68461,235484.8208,890795.2864,0,3
68461,68461,235498.7115,890817.4055,0,4
68461,68461,235502.1813,890821.5857,0,5
68461,68461,235510.4924,890831.58265,0,6
68462,68462,235616.7649,890946.3149,0,1
68462,68462,235625.5957,890955.8561,0,2
68462,68462,235635.9258,890967.0239,0,3
68462,68462,235651.2467,890981.839,0,4
68462,68462,235660.771,890990.5979500001,0,5
68463,68463,235660.771,890990.5979500001,0,1
68463,68463,235670.2953,890999.3569,0,2
68463,68463,235685.2197,891012.4075,0,3
68464,68464,235562.9453,890888.3316,0,1
68464,68464,235571.8565,890897.8183,0,2
68464,68464,235607.9341,890936.7737,0,3
68464,68464,235616.7649,890946.3149,0,4
68465,68465,235339.90899999999,890559.3421,0,1
68465,68465,235347.908,890569.4829,0,2
68465,68465,235358.4465,890581.9464,0,3
68465,68465,235373.3103,890603.2967,0,4
68465,68465,235380.8495,890616.5863,0,5
68465,68465,235387.3334,890627.83575,0,6
68516,68516,236406.04885,890232.80695,0,1
68516,68516,236414.09,890228.3078,0,2
68516,68516,236426.6135,890221.4161,0,3
68516,68516,236458.1251,890200.4414,0,4
68516,68516,236468.3959,890195.4793,0,5
68781,68781,234731.02675000002,891523.7502,0,1
68781,68781,234727.3684,891536.2245,0,2
68781,68781,234724.2779,891546.7674,0,3
68781,68781,234718.83185,891558.77735,0,4
68782,68782,234718.83185,891558.77735,0,1
68782,68782,234713.3858,891570.7873,0,2
68782,68782,234702.8575,891587.347,0,3
68782,68782,234693.4261,891600.0284,0,4
68782,68782,234680.7326,891613.3656,0,5
68782,68782,234661.1048,891630.2189,0,6
68782,68782,234616.7363,891669.1411,0,7
68782,68782,234608.7336,891680.3383,0,8
68782,68782,234604.7836,891689.9879,0,9
68782,68782,234603.8799,891699.3282,0,10
68782,68782,234606.206,891724.6379,0,11
68782,68782,234608.9388,891746.2686,0,12
68782,68782,234610.13815,891759.2819999999,0,13
68831,68831,235629.0365,891251.6529999999,0,1
68831,68831,235625.1309,891264.0143,0,2
68831,68831,235623.3883,891269.8417,0,3
68831,68831,235622.5321,891282.1311,0,4
68831,68831,235623.7608,891291.1447,0,5
68831,68831,235624.7095,891295.3951,0,6
68831,68831,235625.1696,891297.5107,0,7
68831,68831,235633.7508,891323.5631,0,8
68831,68831,235640.7106,891345.8941,0,9
68831,68831,235643.4918,891365.6481,0,10
68831,68831,235640.6244,891382.7936,0,11
68832,68832,235645.3342,891202.0835,0,1
68832,68832,235632.9421,891239.2917,0,2
68832,68832,235629.0365,891251.6529999999,0,3
68833,68833,235692.518,891035.8135,0,1
68833,68833,235677.0057,891097.1359,0,2
68833,68833,235673.50274999999,891109.7072000001,0,3
68834,68834,235673.50274999999,891109.7072000001,0,1
68834,68834,235669.9998,891122.2785,0,2
68834,68834,235653.2485,891177.2588,0,3
68835,68835,234833.2052,890592.6321,0,1
68835,68835,234839.9805,890603.8027,0,2
68835,68835,234878.9773,890672.9397,0,3
68835,68835,234885.35655,890684.2688,0,4
68836,68836,234800.9501,890537.4118,0,1
68836,68836,234821.5225,890573.9198,0,2
68836,68836,234826.4299,890581.4615,0,3
68836,68836,234833.2052,890592.6321,0,4
68837,68837,235163.51285,891017.50865,0,1
68837,68837,235173.0937,891026.3861,0,2
68837,68837,235187.0714,891040.137,0,3
68837,68837,235203.8411,891061.0282,0,4
68837,68837,235209.6549,891071.7044,0,5
68837,68837,235212.5999,891079.6418,0,6
68837,68837,235213.172,891081.8493,0,7
68838,68838,234885.35655,890684.2688,0,1
68838,68838,234891.7358,890695.5979,0,2
68838,68838,234962.0321,890820.6549,0,3
68838,68838,234969.05550000002,890831.4247,0,4
68839,68839,235120.19994999998,890979.1885500001,0,1
68839,68839,235129.9884,890987.741,0,2
68839,68839,235153.932,891008.6312,0,3
68839,68839,235163.51285,891017.50865,0,4
68840,68840,234969.05550000002,890831.4247,0,1
68840,68840,234976.0789,890842.1945,0,2
68840,68840,234987.5551,890858.1417,0,3
68840,68840,235006.8427,890877.6188,0,4
68840,68840,235042.2003,890909.637,0,5
68840,68840,235074.3793,890939.1085,0,6
68840,68840,235110.4115,890970.6361,0,7
68840,68840,235120.19994999998,890979.1885500001,0,8
68841,68841,235193.86695,891234.02925,0,1
68841,68841,235190.5905,891246.6407,0,2
68841,68841,235180.169,891284.5743,0,3
68842,68842,235217.4583,891108.0016,0,1
68842,68842,235217.3181,891113.7159,0,2
68842,68842,235217.1014,891123.3492,0,3
68842,68842,235211.9827,891149.1875,0,4
68842,68842,235209.6183,891160.3868,0,5
68842,68842,235208.5328,891166.0738,0,6
68842,68842,235206.02425,891178.8149,0,7
68843,68843,235206.02425,891178.8149,0,1
68843,68843,235203.5157,891191.556,0,2
68843,68843,235200.8883,891206.1308,0,3
68843,68843,235197.1434,891221.4178,0,4
68843,68843,235193.86695,891234.02925,0,5
68845,68845,234601.62,890072.0251,0,1
68845,68845,234608.7251,890108.0043,0,2
68845,68845,234618.4121,890133.3689,0,3
68845,68845,234628.1958,890155.6142,0,4
68845,68845,234651.0238,890212.3873,0,5
68845,68845,234671.4196,890260.2607,0,6
68845,68845,234683.2633,890290.5922,0,7
68845,68845,234689.06699999998,890302.1116,0,8
68846,68846,234689.06699999998,890302.1116,0,1
68846,68846,234694.8707,890313.631,0,2
68846,68846,234716.2654,890369.3467,0,3
68846,68846,234741.5073,890429.361,0,4
68846,68846,234757.7915,890462.6581,0,5
68846,68846,234770.0126,890484.8528,0,6
68846,68846,234787.8892,890514.8701,0,7
69811,69811,235759.77255,892027.07995,0,1
69811,69811,235762.4021,892039.7928,0,2
69811,69811,235769.904,892074.6797,0,3
69811,69811,235778.9748,892117.5628,0,4
69813,69813,235669.75329999998,891581.5861500001,0,1
69813,69813,235672.2023,891594.3468,0,2
69813,69813,235681.942,891644.3223,0,3
69813,69813,235684.4371,891657.0790500001,0,4
69814,69814,235734.197,891903.0089499999,0,1
69814,69814,235736.8858,891915.7347,0,2
69814,69814,235751.39,891985.4122,0,3
69814,69814,235757.143,892014.3671,0,4
69814,69814,235759.77255,892027.07995,0,5
69815,69815,235704.5745,891760.23905,0,1
69815,69815,235707.0477,891772.9779,0,2
69815,69815,235721.504,891843.6253,0,3
69815,69815,235731.5082,891890.2832,0,4
69815,69815,235734.197,891903.0089499999,0,5
69816,69816,235684.4371,891657.0790500001,0,1
69816,69816,235686.9322,891669.8358,0,2
69816,69816,235700.9959,891741.4835,0,3
69816,69816,235702.1013,891747.5002,0,4
69816,69816,235704.5745,891760.23905,0,5
87619,87619,234560.73105,890904.4639,0,1
87619,87619,234572.2733,890910.2662,0,2
87619,87619,234603.1545,890924.3082,0,3
87619,87619,234615.00325,890929.6318999999,0,4
111391,111391,235300.33755,891355.9984500001,0,1
111391,111391,235287.4848,891354.9053,0,2
111391,111391,235264.0816,891353.8589,0,3
111391,111391,235243.7772,891352.627,0,4
111391,111391,235230.5852,891347.7924,0,5
111391,111391,235214.168,891336.1064,0,6
111391,111391,235197.0067,891319.3873,0,7
111391,111391,235182.7995,891306.8141,0,8
111392,111392,235370.90115,891364.7812999999,0,1
111392,111392,235358.1137,891362.5271,0,2
111392,111392,235347.361,891360.706,0,3
111392,111392,235327.9489,891358.9464,0,4
111392,111392,235313.1903,891357.0916,0,5
111392,111392,235300.33755,891355.9984500001,0,6
111393,111393,235512.672,891421.3252,0,1
111393,111393,235498.7977,891413.1114,0,2
111393,111393,235469.6963,891399.9846,0,3
111393,111393,235436.0879,891381.62,0,4
111393,111393,235427.1044,891377.9905,0,5
111393,111393,235414.94035,891374.2615,0,6
111394,111394,235414.94035,891374.2615,0,1
111394,111394,235402.7763,891370.5325,0,2
111394,111394,235383.6886,891367.0355,0,3
111394,111394,235370.90115,891364.7812999999,0,4
111404,111404,234197.33145,891246.7456,0,1
111404,111404,234189.7946,891244.2727,0,2
111404,111404,234162.5593,891235.0919,0,3
111404,111404,234119.8968,891215.9557,0,4
111404,111404,234054.2134,891186.0934,0,5
111404,111404,234030.1336,891175.4191,0,6
119178,119178,235608.16615,890604.1945499999,0,1
119178,119178,235607.7242,890591.2089,0,2
119178,119178,235605.9724,890495.4348,0,3
119178,119178,235605.63069999998,890482.45785,0,4
119179,119179,235605.63069999998,890482.45785,0,1
119179,119179,235605.289,890469.4809,0,2
119179,119179,235601.4189,890356.8912,0,3
119179,119179,235601.4376,890353.1857,0,4
119179,119179,235601.24285,890340.2350000001,0,5
119180,119180,235601.24285,890340.2350000001,0,1
119180,119180,235601.0481,890327.2843,0,2
119180,119180,235599.0522,890270.5037,0,3
119180,119180,235592.236,890051.3126,0,4
119180,119180,235592.267,890050.8489,0,5
119267,119267,235491.06650000002,891168.706,0,1
119267,119267,235478.0487,891169.6984,0,2
119267,119267,235474.6065,891169.8682,0,3
119267,119267,235451.137,891169.1916,0,4
119267,119267,235431.8809,891167.9814,0,5
119267,119267,235392.7633,891165.4455,0,6
119267,119267,235374.7113,891162.5393,0,7
119267,119267,235358.0106,891157.6137,0,8
119267,119267,235328.0579,891146.0463,0,9
119267,119267,235317.1739,891140.0372,0,10
119267,119267,235305.68855,891134.0843,0,11
119268,119268,235600.23345,891171.20725,0,1
119268,119268,235588.2555,891166.319,0,2
119268,119268,235582.7681,891164.2445,0,3
119268,119268,235568.3465,891162.0243,0,4
119268,119268,235555.8169,891163.096,0,5
119268,119268,235542.85989999998,891164.17195,0,6
119269,119269,235542.85989999998,891164.17195,0,1
119269,119269,235529.9029,891165.2479,0,2
119269,119269,235519.8551,891166.0856,0,3
119269,119269,235504.0843,891167.7136,0,4
119269,119269,235491.06650000002,891168.706,0,5
119270,119270,235634.4989,891185.8753,0,1
119270,119270,235612.2114,891176.0955,0,2
119270,119270,235600.23345,891171.20725,0,3
119271,119271,235305.68855,891134.0843,0,1
119271,119271,235294.2032,891128.1314,0,2
119271,119271,235269.0375,891115.9157,0,3
119271,119271,235257.402,891110.0437,0,4
119272,119272,235257.402,891110.0437,0,1
119272,119272,235245.7665,891104.1717,0,2
119272,119272,235240.3136,891101.3132,0,3
119272,119272,235230.7346,891097.9824,0,4
119272,119272,235227.1419,891097.8228,0,5
119273,119273,235612.82565,890743.6481999999,0,1
119273,119273,235612.0122,890730.8076,0,2
119273,119273,235610.0128,890713.4903,0,3
119273,119273,235608.6081,890617.1802,0,4
119273,119273,235608.16615,890604.1945499999,0,5
119274,119274,235684.311,891013.2159,0,1
119274,119274,235679.8145,891006.6678,0,2
119274,119274,235664.4677,890967.7553,0,3
119274,119274,235656.1413,890942.9453,0,4
119274,119274,235647.4695,890912.0189,0,5
119274,119274,235620.3678,890830.4501,0,6
119274,119274,235616.0977,890803.5647,0,7
119274,119274,235614.0069,890788.2851,0,8
119274,119274,235613.6391,890756.4888,0,9
119274,119274,235612.82565,890743.6481999999,0,10
120020,120020,236372.9228,892256.9091,0,1
120020,120020,236348.4242,892187.5987,0,2
120020,120020,236329.8987,892129.8517,0,3
120020,120020,236325.79135,892117.5464,0,4
120022,120022,236325.79135,892117.5464,0,1
120022,120022,236321.684,892105.2411,0,2
120022,120022,236315.9326,892088.6606,0,3
120022,120022,236313.3361,892080.0906,0,4
120022,120022,236300.5027,892042.6865,0,5
120022,120022,236296.03830000001,892030.53175,0,6
120026,120026,236296.03830000001,892030.53175,0,1
120026,120026,236291.5739,892018.377,0,2
120026,120026,236288.9582,892011.7021,0,3
120026,120026,236277.9498,891975.7351,0,4
120026,120026,236273.326,891966.0721,0,5
120026,120026,236269.09704999998,891959.68025,0,6
120027,120027,236269.09704999998,891959.68025,0,1
120027,120027,236264.8681,891953.2884,0,2
120027,120027,236256.954,891942.7509,0,3
120027,120027,236252.8633,891935.8123999999,0,4
120028,120028,236139.1891,891730.1964,0,1
120028,120028,236131.5561,891719.6497,0,2
120028,120028,236114.8037,891696.0756,0,3
120028,120028,236099.5588,891671.5166,0,4
120028,120028,236077.0103,891636.4728,0,5
120028,120028,236057.3064,891608.8771,0,6
120028,120028,236033.3647,891583.1987,0,7
120028,120028,236004.8851,891552.36,0,8
120028,120028,235980.614,891530.6808,0,9
120028,120028,235968.1316,891520.4904,0,10
120028,120028,235957.52165,891513.5086000001,0,11
120029,120029,236252.8633,891935.8123999999,0,1
120029,120029,236248.7726,891928.8739,0,2
120029,120029,236245.4151,891922.8366,0,3
120029,120029,236227.8662,891897.1574,0,4
120029,120029,236214.8632,891871.1157,0,5
120029,120029,236204.2423,891845.6687,0,6
120029,120029,236185.6332,891801.4908,0,7
120029,120029,236165.4906,891766.0736,0,8
120029,120029,236146.8221,891740.7431,0,9
120029,120029,236139.1891,891730.1964,0,10
133283,133283,234644.9952,891988.6122999999,0,1
133283,133283,234645.782,891980.4645,0,2
133283,133283,234635.9044,891967.0258,0,3
133283,133283,234630.5952,891955.9939,0,4
133283,133283,234626.3499,891942.0777,0,5
133283,133283,234620.2838,891895.3054,0,6
133283,133283,234607.6908,891787.0873,0,7
133283,133283,234606.8451,891772.5568,0,8
133283,133283,234605.65965,891759.6947,0,9
133284,133284,234648.3327,891988.9346,0,1
133284,133284,234647.2574,892000.0697,0,2
133284,133284,234634.0726,892012.2158,0,3
133284,133284,234628.1322,892018.2653,0,4
133284,133284,234628.23365,892025.81925,0,5
133285,133285,234664.6549,892075.488,0,1
133285,133285,234642.7486,892055.5745,0,2
133285,133285,234625.988,892037.362,0,3
133285,133285,234625.2101,892036.6112,0,4
133285,133285,234625.06575,892025.86175,0,5
133536,133536,235510.7607,892115.8767,0,1
133536,133536,235512.3417,892106.672,0,2
133536,133536,235515.7644,892089.1669,0,3
133536,133536,235514.8799,892073.0079,0,4
133536,133536,235514.1452,892068.3967,0,5
133536,133536,235512.85554999998,892060.4995,0,6
133537,133537,235512.85554999998,892060.4995,0,1
133537,133537,235511.5659,892052.6023,0,2
133537,133537,235509.0383,892038.594,0,3
133537,133537,235508.45659999998,892035.48965,0,4
133542,133542,235497.7394,892146.9229,0,1
133542,133542,235504.4883,892133.2416,0,2
133542,133542,235505.604,892131.0596,0,3
135929,135929,234722.1478,892094.7759,0,1
135929,135929,234716.814,892093.2978,0,2
135929,135929,234702.6198,892090.6844,0,3
135929,135929,234688.0165,892087.5198,0,4
137053,137053,235254.8982,890324.3085,0,1
137053,137053,235253.3179,890311.4364,0,2
137053,137053,235248.7156,890277.6901,0,3
137053,137053,235239.1017,890226.7109,0,4
137053,137053,235231.4163,890200.3627,0,5
137055,137055,235336.37790000002,890562.1274,0,1
137055,137055,235328.284,890551.8663,0,2
137055,137055,235317.8903,890537.7255,0,3
137055,137055,235303.8505,890514.1089,0,4
137055,137055,235289.8761,890481.5703,0,5
137055,137055,235279.2784,890445.8027,0,6
137055,137055,235266.3076,890394.5393,0,7
137055,137055,235258.2331,890353.2473,0,8
137055,137055,235256.4785,890337.1806,0,9
137055,137055,235254.8982,890324.3085,0,10
137056,137056,235963.43615000002,890557.7929,0,1
137056,137056,235958.5211,890564.9425,0,2
137056,137056,235952.7437,890573.3219,0,3
137056,137056,235940.1911,890586.2579,0,4
137056,137056,235919.719,890608.4374,0,5
137056,137056,235878.7711,890644.1864,0,6
137056,137056,235834.1932,890683.0899,0,7
137056,137056,235830.8267,890686.7275,0,8
137056,137056,235822.1452,890696.362,0,9
137057,137057,235822.1452,890696.362,0,1
137057,137057,235813.4637,890705.9965,0,2
137057,137057,235808.3553,890711.8196,0,3
137057,137057,235790.7095,890737.9645,0,4
137057,137057,235781.1374,890751.2685,0,5
137057,137057,235773.3612,890762.1765,0,6
137057,137057,235770.0371,890767.3576,0,7
137057,137057,235767.9083,890771.4589,0,8
137057,137057,235762.6073,890783.1755,0,9
137058,137058,235984.65324999997,890526.7564000001,0,1
137058,137058,235979.7565,890533.907,0,2
137058,137058,235968.3512,890550.6433,0,3
137058,137058,235963.43615000002,890557.7929,0,4
137059,137059,235762.6073,890783.1755,0,1
137059,137059,235757.3063,890794.8921,0,2
137059,137059,235751.1927,890810.6081,0,3
137059,137059,235741.9004,890843.9782,0,4
137059,137059,235728.8634,890894.3158,0,5
137059,137059,235717.4147,890939.3545,0,6
137059,137059,235698.961,891010.6375,0,7
137060,137060,236033.88915,890468.43595,0,1
137060,137060,236024.9701,890477.8557,0,2
137060,137060,236014.0055,890489.7154,0,3
137060,137060,235991.7791,890516.3562,0,4
137060,137060,235989.55,890519.6058,0,5
137060,137060,235984.65324999997,890526.7564000001,0,6
137061,137061,236232.44795,890304.3017,0,1
137061,137061,236220.8833,890309.6466,0,2
137061,137061,236213.2198,890314.0794,0,3
137061,137061,236191.4184,890330.4599,0,4
137061,137061,236181.1452,890338.3791499999,0,5
137062,137062,236408.26545,890236.72275,0,1
137062,137062,236400.2713,890241.1953,0,2
137062,137062,236391.5476,890246.2727,0,3
137062,137062,236377.4365,890252.1598,0,4
137062,137062,236368.97100000002,890255.71935,0,5
137063,137063,236181.1452,890338.3791499999,0,1
137063,137063,236170.872,890346.2984,0,2
137063,137063,236162.9613,890352.5538,0,3
137063,137063,236120.2544,890389.1644,0,4
137063,137063,236043.2443,890458.5665,0,5
137063,137063,236042.8082,890459.0162,0,6
137063,137063,236033.88915,890468.43595,0,7
137064,137064,236368.97100000002,890255.71935,0,1
137064,137064,236360.5055,890259.2789,0,2
137064,137064,236359.875,890259.5449,0,3
137064,137064,236333.3705,890267.2017,0,4
137064,137064,236244.0126,890298.9568,0,5
137064,137064,236232.44795,890304.3017,0,6
137065,137065,234200.03999999998,890711.00425,0,1
137065,137065,234188.6212,890704.754,0,2
137065,137065,234167.2304,890692.8235,0,3
137065,137065,234149.6239,890683.0755,0,4
137065,137065,234099.4412,890655.2094,0,5
137066,137066,234684.0231,890959.2309999999,0,1
137066,137066,234671.5499,890955.4979,0,2
137066,137066,234654.3443,890950.1785,0,3
137066,137066,234630.4197,890941.4629,0,4
137066,137066,234625.0262,890939.0686,0,5
137066,137066,234613.15905000002,890933.7366,0,6
137067,137067,235201.0974,891095.9741,0,1
137067,137067,235122.9373,891088.3421,0,2
137067,137067,235062.1374,891083.3719,0,3
137067,137067,235029.6644,891079.5179,0,4
137067,137067,235010.1958,891073.6749,0,5
137067,137067,234972.7137,891059.0098,0,6
137067,137067,234858.6152,891012.4639,0,7
137067,137067,234833.8337,891003.1541,0,8
137067,137067,234807.7215,890994.9418,0,9
137067,137067,234773.5629,890985.0066,0,10
137067,137067,234718.3671,890969.2949,0,11
137067,137067,234696.4963,890962.9641,0,12
137067,137067,234684.0231,890959.2309999999,0,13
137068,137068,234438.77354999998,890843.4173000001,0,1
137068,137068,234427.3782,890837.1522,0,2
137068,137068,234392.2965,890817.7807,0,3
137068,137068,234380.97745,890811.32715,0,4
137069,137069,234558.73215,890908.4927000001,0,1
137069,137069,234547.0536,890902.6228,0,2
137069,137069,234535.6159,890896.4572,0,3
137069,137069,234450.1689,890849.6824,0,4
137069,137069,234438.77354999998,890843.4173000001,0,5
137070,137070,234280.54955,890754.39115,0,1
137070,137070,234269.1129,890748.2197,0,2
137070,137070,234211.4588,890717.2545,0,3
137070,137070,234200.03999999998,890711.00425,0,4
137071,137071,234380.97745,890811.32715,0,1
137071,137071,234369.6584,890804.8736,0,2
137071,137071,234333.2473,890783.4492,0,3
137071,137071,234321.96519999998,890777.0742500001,0,4
137072,137072,234321.96519999998,890777.0742500001,0,1
137072,137072,234310.6831,890770.6993,0,2
137072,137072,234291.9862,890760.5626,0,3
137072,137072,234280.54955,890754.39115,0,4
138520,138520,235055.7129,892131.0583,0,1
138520,138520,235065.2754,892094.6127,0,2
138520,138520,235073.5529,892061.6378,0,3
138611,138611,234270.8174,891266.19625,0,1
138611,138611,234258.2235,891263.0168,0,2
138611,138611,234232.6236,891256.6838,0,3
138611,138611,234224.94514999999,891254.73075,0,4
138612,138612,234563.17955,891296.2208,0,1
138612,138612,234554.1872,891295.4918,0,2
138612,138612,234543.2587,891294.7137,0,3
138612,138612,234530.3181,891294.0155,0,4
138613,138613,234735.5184,891326.5114,0,1
138613,138613,234727.0535,891323.6343,0,2
138613,138613,234709.7231,891317.5918,0,3
138613,138613,234683.7282,891311.8097,0,4
138613,138613,234671.03085,891309.29835,0,5
138614,138614,234224.94514999999,891254.73075,0,1
138614,138614,234217.2667,891252.7777,0,2
138614,138614,234204.8683,891249.2185,0,3
138614,138614,234197.33145,891246.7456,0,4
138615,138615,234671.03085,891309.29835,0,1
138615,138615,234658.3335,891306.787,0,2
138615,138615,234647.0248,891304.8263,0,3
138615,138615,234638.22605,891303.5334999999,0,4
138616,138616,234638.22605,891303.5334999999,0,1
138616,138616,234629.4273,891302.2407,0,2
138616,138616,234606.1064,891300.4154,0,3
138616,138616,234601.02885,891299.9462,0,4
138617,138617,234435.35695,891292.6751,0,1
138617,138617,234426.9288,891292.8571,0,2
138617,138617,234406.412,891293.3036,0,3
138617,138617,234376.7104,891289.1343,0,4
138617,138617,234350.7347,891285.2919,0,5
138617,138617,234337.8941,891282.6961999999,0,6
138618,138618,234530.3181,891294.0155,0,1
138618,138618,234517.3775,891293.3173,0,2
138618,138618,234495.5025,891292.5135,0,3
138618,138618,234478.5803,891292.2423,0,4
138618,138618,234470.1922,891292.1786,0,5
138619,138619,234337.8941,891282.6961999999,0,1
138619,138619,234325.0535,891280.1005,0,2
138619,138619,234283.4113,891269.3757,0,3
138619,138619,234270.8174,891266.19625,0,4
138620,138620,234470.1922,891292.1786,0,1
138620,138620,234461.8041,891292.1149,0,2
138620,138620,234443.7851,891292.4931,0,3
138620,138620,234435.35695,891292.6751,0,4
138621,138621,234601.02885,891299.9462,0,1
138621,138621,234595.9513,891299.477,0,2
138621,138621,234572.1719,891296.9498,0,3
138621,138621,234563.17955,891296.2208,0,4
138622,138622,234765.8141,891335.7099,0,1
138622,138622,234761.266,891334.8591,0,2
138622,138622,234743.9833,891329.3885,0,3
138622,138622,234735.5184,891326.5114,0,4
138623,138623,234953.9889,891317.0486999999,0,1
138623,138623,234940.9446,891316.9835,0,2
138623,138623,234918.5759,891316.0408,0,3
138623,138623,234896.4353,891317.1451,0,4
138623,138623,234888.8779,891317.7613,0,5
138623,138623,234876.07085,891319.3162,0,6
138624,138624,235171.2639,891297.5545,0,1
138624,138624,235160.0272,891292.7554,0,2
138624,138624,235152.82985,891291.1444,0,3
138625,138625,234876.07085,891319.3162,0,1
138625,138625,234863.2638,891320.8711,0,2
138625,138625,234858.2108,891321.6879,0,3
138625,138625,234836.0306,891327.6149,0,4
138625,138625,234823.39179999998,891330.7817500001,0,5
138626,138626,234823.39179999998,891330.7817500001,0,1
138626,138626,234810.753,891333.9486,0,2
138626,138626,234802.1562,891335.9917,0,3
138626,138626,234784.6871,891337.1488,0,4
138626,138626,234783.8698,891337.1182,0,5
138627,138627,235060.18949999998,891301.8822000001,0,1
138627,138627,235047.479,891304.3381,0,2
138627,138627,235036.1711,891306.7904,0,3
138627,138627,235007.0093,891313.6645,0,4
138627,138627,234980.9942,891317.1254,0,5
138627,138627,234967.0332,891317.1139,0,6
138627,138627,234953.9889,891317.0486999999,0,7
138628,138628,235152.82985,891291.1444,0,1
138628,138628,235145.6325,891289.5334,0,2
138628,138628,235135.1111,891289.0178,0,3
138628,138628,235118.914,891290.136,0,4
138628,138628,235093.8331,891295.8724,0,5
138628,138628,235072.9,891299.4263,0,6
138628,138628,235060.18949999998,891301.8822000001,0,7
138681,138681,235644.1613,891474.11225,0,1
138681,138681,235641.8125,891461.3067,0,2
138681,138681,235634.9865,891422.4437,0,3
138681,138681,235633.5689,891408.3204,0,4
138682,138682,235651.31855,891511.28185,0,1
138682,138682,235648.7568,891498.5209,0,2
138682,138682,235646.5101,891486.9178,0,3
138682,138682,235644.1613,891474.11225,0,4
138683,138683,235665.33395,891582.43435,0,1
138683,138683,235662.8825,891569.6611,0,2
138683,138683,235657.9892,891543.7641,0,3
138683,138683,235653.8803,891524.0428,0,4
138683,138683,235651.31855,891511.28185,0,5
138684,138684,235957.52165,891513.5086000001,0,1
138684,138684,235946.9117,891506.5268,0,2
138684,138684,235945.2976,891505.6876,0,3
138684,138684,235898.274,891482.1427,0,4
138684,138684,235843.4757,891456.5436,0,5
138684,138684,235802.2404,891436.511,0,6
138684,138684,235794.6971,891432.83455,0,7
138685,138685,235763.98155000003,891417.9891,0,1
138685,138685,235756.5922,891414.598,0,2
138685,138685,235741.8335,891410.8964,0,3
138685,138685,235714.3754,891408.2173,0,4
138685,138685,235690.8722,891405.8684,0,5
138685,138685,235670.6321,891402.3003,0,6
138685,138685,235654.1843,891398.6872,0,7
138685,138685,235648.5149,891398.29,0,8
138686,138686,235794.6971,891432.83455,0,1
138686,138686,235787.1538,891429.1581,0,2
138686,138686,235771.3709,891421.3802,0,3
138686,138686,235763.98155000003,891417.9891,0,4
138687,138687,235631.0637,891397.5177,0,1
138687,138687,235622.5712,891397.7553,0,2
138687,138687,235610.0261,891400.9854,0,3
138687,138687,235601.54359999998,891403.2818,0,4
138688,138688,235601.54359999998,891403.2818,0,1
138688,138688,235593.0611,891405.5782,0,2
138688,138688,235554.7333,891417.7381,0,3
138688,138688,235538.001,891423.7403,0,4
138689,138689,235508.45659999998,892035.48965,0,1
138689,138689,235507.8749,892032.3853,0,2
138689,138689,235504.9485,892017.2864,0,3
138689,138689,235503.9357,892009.10935,0,4
138690,138690,235501.06775,891787.78245,0,1
138690,138690,235498.3628,891775.0436,0,2
138690,138690,235478.959,891678.707,0,3
138690,138690,235476.9741,891668.663,0,4
138690,138690,235474.4532,891655.9098499999,0,5
138691,138691,235503.9357,892009.10935,0,1
138691,138691,235502.9229,892000.9323,0,2
138691,138691,235501.5275,891987.7645,0,3
138691,138691,235501.0345,891968.4514,0,4
138691,138691,235504.5999,891955.6898,0,5
138691,138691,235508.05595,891943.1651000001,0,6
138692,138692,235474.4532,891655.9098499999,0,1
138692,138692,235471.9323,891643.1567,0,2
138692,138692,235459.5053,891580.299,0,3
138692,138692,235460.3936,891572.113,0,4
138693,138693,235513.91555,891847.4454999999,0,1
138693,138693,235511.4163,891834.7503,0,2
138693,138693,235503.7727,891800.5213,0,3
138693,138693,235501.06775,891787.78245,0,4
138694,138694,235508.05595,891943.1651000001,0,1
138694,138694,235511.512,891930.6404,0,2
138694,138694,235514.993,891917.866,0,3
138694,138694,235520.4548,891899.5985,0,4
138694,138694,235520.8317,891887.6584,0,5
138694,138694,235518.5504,891872.653,0,6
138694,138694,235516.4148,891860.1407,0,7
138694,138694,235513.91555,891847.4454999999,0,8
138695,138695,235464.4711,891546.252,0,1
138695,138695,235464.7206,891545.0124,0,2
138695,138695,235471.9639,891521.7161,0,3
138695,138695,235476.2808,891509.3785,0,4
138696,138696,235476.2808,891509.3785,0,1
138696,138696,235480.5977,891497.0409,0,2
138696,138696,235499.9429,891447.4187,0,3
138696,138696,235509.501,891432.4933,0,4
138696,138696,235512.6522,891430.6459,0,5
138722,138722,234751.42070000002,891455.935,0,1
138722,138722,234756.5988,891444.1163,0,2
138722,138722,234762.0469,891430.2454,0,3
138722,138722,234765.9714,891409.982,0,4
138722,138722,234767.3162,891397.3384,0,5
138723,138723,234767.3162,891397.3384,0,1
138723,138723,234768.661,891384.6948,0,2
138723,138723,234768.6996,891347.3818,0,3
138724,138724,234726.70865,891522.4838,0,1
138724,138724,234730.3671,891510.0089,0,2
138724,138724,234733.7002,891498.6489,0,3
138724,138724,234744.4618,891471.4251,0,4
138724,138724,234746.2426,891467.7537,0,5
138724,138724,234751.42070000002,891455.935,0,6
140973,140973,235403.65610000002,890664.7858,0,1
140973,140973,235397.0834,890653.5689,0,2
140973,140973,235389.9341,890641.359,0,3
140973,140973,235383.4348,890630.08285,0,4
140974,140974,235461.00035,890762.7416000001,0,1
140974,140974,235454.5007,890751.4994,0,2
140974,140974,235410.2288,890676.0027,0,3
140974,140974,235403.65610000002,890664.7858,0,4
140975,140975,235559.6655,890891.4124,0,1
140975,140975,235550.7761,890881.9489,0,2
140975,140975,235517.2615,890846.7711,0,3
140975,140975,235515.3387,890844.451,0,4
140975,140975,235507.0287,890834.45545,0,5
140976,140976,235507.0287,890834.45545,0,1
140976,140976,235498.7187,890824.4599,0,2
140976,140976,235495.0589,890820.0507,0,3
140976,140976,235480.9588,890797.5982,0,4
140976,140976,235467.5,890773.9838,0,5
140976,140976,235461.00035,890762.7416000001,0,6
140977,140977,235657.72580000001,890993.90925,0,1
140977,140977,235648.1185,890985.074,0,2
140977,140977,235632.7074,890970.1717,0,3
140977,140977,235622.2923,890958.9117,0,4
140977,140977,235613.46240000002,890949.3715,0,5
140978,140978,235682.2575,891015.7951,0,1
140978,140978,235667.3331,891002.7445,0,2
140978,140978,235657.72580000001,890993.90925,0,3
140979,140979,235613.46240000002,890949.3715,0,1
140979,140979,235604.6325,890939.8313,0,2
140979,140979,235568.5549,890900.8759,0,3
140979,140979,235559.6655,890891.4124,0,4
140980,140980,235383.4348,890630.08285,0,1
140980,140980,235376.9355,890618.8067,0,2
140980,140980,235369.4987,890605.6975,0,3
140980,140980,235354.8739,890584.6908,0,4
140980,140980,235344.4718,890572.3885,0,5
140980,140980,235336.37790000002,890562.1274,0,6
141031,141031,236470.3535,890199.5313,0,1
141031,141031,236460.3611,890204.3588,0,2
141031,141031,236428.9491,890225.2671,0,3
141031,141031,236416.2596,890232.2502,0,4
141031,141031,236408.26545,890236.72275,0,5
141296,141296,234714.77405,891556.93725,0,1
141296,141296,234719.9597,891545.5016,0,2
141296,141296,234723.0502,891534.9587,0,3
141296,141296,234726.70865,891522.4838,0,4
141297,141297,234605.65965,891759.6947,0,1
141297,141297,234604.4742,891746.8326,0,2
141297,141297,234601.7318,891725.1259,0,3
141297,141297,234599.3599,891699.3174,0,4
141297,141297,234600.3682,891688.8957,0,5
141297,141297,234604.7676,891678.1483,0,6
141297,141297,234613.3777,891666.1013,0,7
141297,141297,234658.1552,891626.8203,0,8
141297,141297,234677.6292,891610.0992,0,9
141297,141297,234689.9781,891597.1238,0,10
141297,141297,234699.1483,891584.7936,0,11
141297,141297,234709.5884,891568.3729,0,12
141297,141297,234714.77405,891556.93725,0,13
141346,141346,235636.186,891382.0514,0,1
141346,141346,235638.9392,891365.5893,0,2
141346,141346,235636.3056,891346.8837,0,3
141346,141346,235629.4654,891324.9365,0,4
141346,141346,235620.8222,891298.6959,0,5
141346,141346,235620.3149,891296.3635,0,6
141346,141346,235619.3276,891291.9401,0,7
141346,141346,235618.0109,891282.2801,0,8
141346,141346,235618.9339,891269.0309,0,9
141346,141346,235620.8195,891262.7251,0,10
141346,141346,235624.7461,891250.2974,0,11
141347,141347,235624.7461,891250.2974,0,1
141347,141347,235628.6727,891237.8697,0,2
141347,141347,235641.0648,891200.6615,0,3
141348,141348,235669.16914999997,891108.4996,0,1
141348,141348,235672.6431,891096.0323,0,2
141348,141348,235688.1554,891034.7099,0,3
141349,141349,235648.9439,891175.9472,0,1
141349,141349,235665.6952,891120.9669,0,2
141349,141349,235669.16914999997,891108.4996,0,3
141350,141350,234881.43545,890686.4767,0,1
141350,141350,234875.0579,890675.1505,0,2
141350,141350,234836.0611,890606.0135,0,3
141350,141350,234829.3596,890594.9647,0,4
141351,141351,234829.3596,890594.9647,0,1
141351,141351,234822.6581,890583.9159,0,2
141351,141351,234817.6725,890576.254,0,3
141351,141351,234797.0297,890539.621,0,4
141351,141351,234790.52635,890528.39685,0,5
141352,141352,235208.8158,891082.9781,0,1
141352,141352,235208.3013,891080.9924,0,2
141352,141352,235205.5483,891073.5728,0,3
141352,141352,235200.0809,891063.5324,0,4
141352,141352,235183.7274,891043.1598,0,5
141352,141352,235169.9379,891029.5939,0,6
141352,141352,235160.45575,891020.80795,0,7
141353,141353,234965.2678,890833.8414,0,1
141353,141353,234958.1093,890822.8599,0,2
141353,141353,234887.813,890697.8029,0,3
141353,141353,234881.43545,890686.4767,0,4
141354,141354,235160.45575,891020.80795,0,1
141354,141354,235150.9736,891012.022,0,2
141354,141354,235127.03,890991.1318,0,3
141354,141354,235117.23914999998,890982.57725,0,4
141355,141355,235117.23914999998,890982.57725,0,1
141355,141355,235107.4483,890974.0227,0,2
141355,141355,235071.3777,890942.4615,0,3
141355,141355,235039.1703,890912.964,0,4
141355,141355,235003.7313,890880.8722,0,5
141355,141355,234984.1089,890861.0571,0,6
141355,141355,234972.4263,890844.8229,0,7
141355,141355,234965.2678,890833.8414,0,8
141356,141356,235175.8298,891283.3821,0,1
141356,141356,235186.2513,891245.4485,0,2
141356,141356,235189.51195000001,891232.89775,0,3
141357,141357,235201.59985,891177.9939,0,1
141357,141357,235204.1126,891165.2302,0,2
141357,141357,235205.2063,891159.5001,0,3
141357,141357,235207.5739,891148.2855,0,4
141357,141357,235212.6114,891122.8576,0,5
141357,141357,235212.8193,891113.6101,0,6
141357,141357,235212.9597,891107.8912,0,7
141358,141358,235189.51195000001,891232.89775,0,1
141358,141358,235192.7726,891220.347,0,2
141358,141358,235196.4843,891205.1954,0,3
141358,141358,235199.0871,891190.7576,0,4
141358,141358,235201.59985,891177.9939,0,5
141360,141360,234684.8706,890303.7366,0,1
141360,141360,234679.0715,890292.229,0,2
141360,141360,234667.2528,890261.9613,0,3
141360,141360,234646.8658,890214.1087,0,4
141360,141360,234624.0476,890157.3598,0,5
141360,141360,234614.2481,890135.0785,0,6
141360,141360,234604.3845,890109.2519,0,7
141360,141360,234597.2052,890072.8969,0,8
141361,141361,234790.52635,890528.39685,0,1
141361,141361,234784.023,890517.1727,0,2
141361,141361,234766.1074,890487.09,0,3
141361,141361,234753.7969,890464.7331,0,4
141361,141361,234737.4087,890431.2234,0,5
141361,141361,234712.0898,890371.0261,0,6
141361,141361,234690.6697,890315.2442,0,7
141361,141361,234684.8706,890303.7366,0,8
142326,142326,235774.5722,892118.494,0,1
142326,142326,235765.503,892075.6183,0,2
142326,142326,235758.0027,892040.7388,0,3
142326,142326,235755.36595,892027.9914500001,0,4
142328,142328,235680.02075,891657.94285,0,1
142328,142328,235677.5251,891645.1831,0,2
142328,142328,235667.7854,891595.2076,0,3
142328,142328,235665.33395,891582.43435,0,4
142329,142329,235755.36595,892027.9914500001,0,1
142329,142329,235752.7292,892015.2441,0,2
142329,142329,235746.9802,891986.3092,0,3
142329,142329,235732.4802,891916.6517,0,4
142329,142329,235729.7942,891903.93915,0,5
142330,142330,235729.7942,891903.93915,0,1
142330,142330,235727.1082,891891.2266,0,2
142330,142330,235717.0996,891844.5481,0,3
142330,142330,235702.6391,891773.8801,0,4
142330,142330,235700.15720000002,891761.09675,0,5
142331,142331,235700.15720000002,891761.09675,0,1
142331,142331,235697.6753,891748.3134,0,2
142331,142331,235696.5749,891742.3235,0,3
142331,142331,235682.5164,891670.7026,0,4
142331,142331,235680.02075,891657.94285,0,5
160134,160134,234613.15905000002,890933.7366,0,1
160134,160134,234601.2919,890928.4046,0,2
160134,160134,234570.4107,890914.3626,0,3
160134,160134,234558.73215,890908.4927000001,0,4
161843,161843,234683.2703,892071.209,0,1
161843,161843,234752.5808,892014.0273,0,2
161843,161843,234771.8545,892002.6371,0,3
161843,161843,234783.0027,891995.98375,0,4
161844,161844,234872.3789,891941.17885,0,1
161844,161844,234879.8836,891936.2525,0,2
161844,161844,234889.6293,891929.7437,0,3
161844,161844,234900.86805,891922.9033,0,4
161845,161845,234783.0027,891995.98375,0,1
161845,161845,234794.1509,891989.3304,0,2
161845,161845,234829.4657,891968.047,0,3
161845,161845,234837.14945,891963.36335,0,4
161846,161846,234837.14945,891963.36335,0,1
161846,161846,234844.8332,891958.6797,0,2
161846,161846,234864.8742,891946.1052,0,3
161846,161846,234872.3789,891941.17885,0,4
161847,161847,234900.86805,891922.9033,0,1
161847,161847,234912.1068,891916.0629,0,2
161847,161847,234923.427,891909.8097,0,3
161847,161847,234934.9257,891903.642,0,4
161848,161848,234934.9257,891903.642,0,1
161848,161848,234946.4244,891897.4743,0,2
161848,161848,234963.4265,891888.6232,0,3
161848,161848,235048.574,891844.3404,0,4
161848,161848,235060.17095,891838.4073999999,0,5
161849,161849,235060.17095,891838.4073999999,0,1
161849,161849,235071.7679,891832.4744,0,2
161849,161849,235112.8948,891811.7802,0,3
161849,161849,235132.1554,891802.9062,0,4
161849,161849,235143.57254999998,891797.0652000001,0,5
161884,161884,234642.3708,892119.1325,0,1
161884,161884,234673.7129,892108.0944,0,2
161884,161884,234694.8679,892101.3679,0,3
161884,161884,234713.4754,892096.6342,0,4
161884,161884,234721.7286,892094.8758,0,5
161885,161885,234637.7604,892115.1812,0,1
161885,161885,234663.7891,892088.9728,0,2
161886,161886,234916.95745,892067.30985,0,1
161886,161886,234925.3708,892066.117,0,2
161886,161886,234943.4549,892063.8742,0,3
161886,161886,234951.8599,892062.8718,0,4
161887,161887,234991.6081,892058.15875,0,1
161887,161887,235004.4512,892056.628,0,2
161887,161887,235065.4527,892047.5368,0,3
161888,161888,234951.8599,892062.8718,0,1
161888,161888,234960.2649,892061.8694,0,2
161888,161888,234978.765,892059.6895,0,3
161888,161888,234991.6081,892058.15875,0,4
161889,161889,234747.7052,892090.5535,0,1
161889,161889,234808.2856,892083.2582,0,2
161889,161889,234908.5441,892068.5027,0,3
161889,161889,234916.95745,892067.30985,0,4
162025,162025,235285.93265,892044.6743000001,0,1
162025,162025,235298.9696,892046.5131,0,2
162025,162025,235331.5072,892052.5985,0,3
162025,162025,235386.3795,892067.4262,0,4
162025,162025,235423.5665,892083.2956,0,5
162025,162025,235452.2558,892096.5703,0,6
162025,162025,235487.9793,892113.0083,0,7
162025,162025,235499.6729,892119.1353,0,8
162026,162026,235163.36405,892038.9474500001,0,1
162026,162026,235176.3949,892038.2604,0,2
162026,162026,235207.8757,892036.9945,0,3
162026,162026,235227.4902,892038.6432,0,4
162026,162026,235240.46075,892039.8085,0,5
162027,162027,235091.2112,892043.7941,0,1
162027,162027,235095.1634,892043.2346,0,2
162027,162027,235150.3332,892039.6345,0,3
162027,162027,235163.36405,892038.9474500001,0,4
162028,162028,235240.46075,892039.8085,0,1
162028,162028,235253.4313,892040.9738,0,2
162028,162028,235272.8957,892042.8355,0,3
162028,162028,235285.93265,892044.6743000001,0,4
162057,162057,235522.8297,892130.385,0,1
162057,162057,235570.9562,892151.982,0,2
162249,162249,235143.57254999998,891797.0652000001,0,1
162249,162249,235154.9897,891791.2242,0,2
162249,162249,235184.629,891774.4884,0,3
162249,162249,235189.906,891771.5535,0,4
162249,162249,235200.53204999998,891764.6227500001,0,5
162250,162250,235200.53204999998,891764.6227500001,0,1
162250,162250,235211.1581,891757.692,0,2
162250,162250,235249.1323,891728.9234,0,3
162250,162250,235276.5366,891707.5724,0,4
162250,162250,235286.78865,891699.5806,0,5
162251,162251,235286.78865,891699.5806,0,1
162251,162251,235297.0407,891691.5888,0,2
162251,162251,235362.0729,891640.8668,0,3
162251,162251,235409.1159,891604.3344,0,4
162251,162251,235414.9131,891599.8345,0,5
162251,162251,235424.45685000002,891591.4188,0,6
162252,162252,235424.45685000002,891591.4188,0,1
162252,162252,235434.0006,891583.0031,0,2
162252,162252,235440.0927,891576.9126,0,3
162252,162252,235451.9569,891565.5456,0,4
162368,162368,234613.9336,892134.2196,0,1
162368,162368,234626.5051,892125.7286,0,2
163719,163719,234787.1025,892002.85325,0,1
163719,163719,234775.9247,892009.5243,0,2
163719,163719,234757.1894,892020.5963,0,3
163719,163719,234688.3613,892077.38,0,4
163720,163720,234905.02375,891929.731,0,1
163720,163720,234894.0725,891936.3965,0,2
163720,163720,234884.3268,891942.9053,0,3
163720,163720,234876.72639999999,891947.8935499999,0,4
163721,163721,234841.34005,891970.1775499999,0,1
163721,163721,234833.5951,891974.8988,0,2
163721,163721,234798.2803,891996.1822,0,3
163721,163721,234787.1025,892002.85325,0,4
163722,163722,234876.72639999999,891947.8935499999,0,1
163722,163722,234869.126,891952.8818,0,2
163722,163722,234849.085,891965.4563,0,3
163722,163722,234841.34005,891970.1775499999,0,4
163723,163723,234938.70679999999,891910.6913000001,0,1
163723,163723,234927.2952,891916.8123,0,2
163723,163723,234915.975,891923.0655,0,3
163723,163723,234905.02375,891929.731,0,4
163724,163724,235063.81445,891845.5294,0,1
163724,163724,235052.2652,891851.438,0,2
163724,163724,234967.1191,891895.72,0,3
163724,163724,234950.1184,891904.5703,0,4
163724,163724,234938.70679999999,891910.6913000001,0,5
163725,163725,235147.21305000002,891804.1812,0,1
163725,163725,235135.503,891810.172,0,2
163725,163725,235116.3676,891818.9884,0,3
163725,163725,235075.3637,891839.6208,0,4
163725,163725,235063.81445,891845.5294,0,5
163760,163760,234723.3956,892102.7002,0,1
163760,163760,234715.2958,892104.426,0,2
163760,163760,234697.0681,892109.0631,0,3
163760,163760,234676.2543,892115.681,0,4
163760,163760,234645.0282,892126.6783,0,5
163761,163761,234669.4653,892094.6102,0,1
163761,163761,234643.4366,892120.8186,0,2
163762,163762,234952.82030000002,892070.8139,0,1
163762,163762,234944.4395,892071.8134,0,2
163762,163762,234926.3554,892074.0562,0,3
163762,163762,234918.03214999998,892075.23685,0,4
163763,163763,235066.6319,892055.4494,0,1
163763,163763,235005.6304,892064.5406,0,2
163763,163763,234992.66580000002,892066.08755,0,3
163764,163764,234992.66580000002,892066.08755,0,1
163764,163764,234979.7012,892067.6345,0,2
163764,163764,234961.2011,892069.8144,0,3
163764,163764,234952.82030000002,892070.8139,0,4
163765,163765,234918.03214999998,892075.23685,0,1
163765,163765,234909.7089,892076.4175,0,2
163765,163765,234809.3464,892091.1882,0,3
163765,163765,234748.6616,892098.4961,0,4
163901,163901,235495.9599,892126.2215,0,1
163901,163901,235484.4485,892120.1899,0,2
163901,163901,235448.904,892103.8343,0,3
163901,163901,235420.3161,892090.6064,0,4
163901,163901,235383.7533,892075.0034,0,5
163901,163901,235329.7256,892060.4041,0,6
163901,163901,235297.4988,892054.3767,0,7
163901,163901,235284.81644999998,892052.5878999999,0,8
163902,163902,235239.74495,892047.7762,0,1
163902,163902,235226.8202,892046.615,0,2
163902,163902,235207.7007,892045.0081,0,3
163902,163902,235176.7163,892046.254,0,4
163902,163902,235163.78525000002,892046.93575,0,5
163903,163903,235163.78525000002,892046.93575,0,1
163903,163903,235150.8542,892047.6175,0,2
163903,163903,235095.9856,892051.198,0,3
163903,163903,235092.3326,892051.7151,0,4
163904,163904,235284.81644999998,892052.5878999999,0,1
163904,163904,235272.1341,892050.7991,0,2
163904,163904,235252.6697,892048.9374,0,3
163904,163904,235239.74495,892047.7762,0,4
164125,164125,235204.89165,891771.30685,0,1
164125,164125,235193.7944,891778.5449,0,2
164125,164125,235188.54,891781.4672,0,3
164125,164125,235158.9231,891798.1904,0,4
164125,164125,235147.21305000002,891804.1812,0,5
164126,164126,235291.70705,891705.8901,0,1
164126,164126,235281.4534,891713.8832,0,2
164126,164126,235254.0063,891735.2674,0,3
164126,164126,235215.9889,891764.0688,0,4
164126,164126,235204.89165,891771.30685,0,5
164127,164127,235429.73765,891597.4074,0,1
164127,164127,235419.8185,891606.1541,0,2
164127,164127,235414.0219,891610.6534,0,3
164127,164127,235366.9863,891647.1802,0,4
164127,164127,235301.9607,891697.897,0,5
164127,164127,235291.70705,891705.8901,0,6
164128,164128,235457.4915,891571.3222,0,1
164128,164128,235445.6887,891582.6304,0,2
164128,164128,235439.6568,891588.6607,0,3
164128,164128,235429.73765,891597.4074,0,4
164244,164244,234630.9827,892132.3582,0,1
164244,164244,234618.4112,892140.8492,0,2
