service_id,trip_id,stop_id,stop_sequence,arrival_time,departure_time,dwelling_time
BL_1_1,0,14,0,19:44:00,19:44:00,00:00:00
BL_1_1,0,22,1,19:49:00,19:49:00,00:00:00
BL_1_1,0,27,2,19:52:00,19:52:00,00:00:00
BL_1_1,0,38,3,20:00:00,20:00:00,00:00:00
BL_1_1,0,46,4,20:05:00,20:05:00,00:00:00
BL_2_1,1,259,1,07:45:00,07:45:00,00:00:00
BL_2_1,1,272,2,08:00:00,08:00:00,00:00:00
BL_2_1,1,260,3,08:10:00,08:10:00,00:00:00
BL_2_1,1,261,4,08:25:00,08:25:00,00:00:00
BL_2_1,1,262,6,08:45:00,08:45:00,00:00:00
BL_3_1,2,280,0,07:30:00,07:30:00,00:00:00
BL_3_1,2,281,1,07:33:00,07:33:00,00:00:00
BL_3_1,2,282,2,07:36:00,07:36:00,00:00:00
BL_3_1,2,283,3,07:39:00,07:39:00,00:00:00
BL_3_1,2,284,4,07:43:00,07:43:00,00:00:00
BL_3_1,2,285,5,07:45:00,07:45:00,00:00:00
BL_4_1,3,247,0,08:40:00,08:40:00,00:00:00
BL_4_1,3,248,1,08:43:00,08:43:00,00:00:00
BL_4_1,3,249,2,08:46:00,08:46:00,00:00:00
BL_4_1,3,250,3,08:50:00,08:50:00,00:00:00
BL_4_1,3,251,4,08:54:00,08:54:00,00:00:00
BL_4_1,3,252,5,08:56:00,08:56:00,00:00:00
BL_4_1,3,253,6,09:00:00,09:00:00,00:00:00
BL_4_1,3,254,7,09:05:00,09:05:00,00:00:00
BL_4_1,3,255,8,09:10:00,09:10:00,00:00:00
BL_5_1,4,382,0,07:43:00,07:43:00,00:00:00
BL_5_1,4,375,1,07:45:00,07:45:00,00:00:00
BL_5_1,4,369,2,07:48:00,07:48:00,00:00:00
BL_5_1,4,368,3,07:51:00,07:51:00,00:00:00
BL_6_1,5,3201,0,04:08:08,04:08:08,00:00:00
BL_6_1,5,3202,1,04:08:30,04:08:30,00:00:00
BL_6_1,5,3203,2,04:09:00,04:09:00,00:00:00
BL_6_1,5,3204,3,04:09:35,04:09:35,00:00:00
BL_7_1,6,3885,0,15:51:05,15:51:05,00:00:00
BL_7_1,6,3886,1,15:51:50,15:51:50,00:00:00
BL_7_1,6,3887,2,15:52:39,15:52:39,00:00:00
BL_7_1,6,3888,3,15:53:23,15:53:23,00:00:00
BL_7_1,6,3889,4,15:53:48,15:53:48,00:00:00
BL_7_1,6,3890,5,15:54:13,15:54:13,00:00:00
BL_8_1,7,3661,0,07:18:01,07:18:01,00:00:00
BL_9_1,8,3665,1,07:20:41,07:20:41,00:00:00
BL_10_1,9,3678,2,07:40:07,07:40:07,00:00:00
BL_8_1,7,3662,3,07:18:29,07:18:29,00:00:00
BL_9_1,8,3666,4,07:22:12,07:22:12,00:00:00
BL_10_1,9,3679,5,07:41:15,07:41:15,00:00:00
BL_8_1,7,3663,6,07:19:43,07:19:43,00:00:00
BL_9_1,8,3278,7,07:23:53,07:23:53,00:00:00
BL_10_1,9,3680,8,07:42:10,07:42:10,00:00:00
BL_8_1,7,3664,9,07:20:11,07:20:11,00:00:00
BL_9_1,8,3672,10,07:24:32,07:24:32,00:00:00
BL_10_1,9,3681,11,07:43:08,07:43:08,00:00:00
BL_9_1,8,5920,12,07:25:00,07:25:00,00:00:00
BL_10_1,9,3682,13,07:44:00,07:44:00,00:00:00
BL_9_1,8,3673,14,07:29:37,07:29:37,00:00:00
BL_10_1,9,3683,15,07:44:28,07:44:28,00:00:00
BL_10_1,9,3684,16,07:45:23,07:45:23,00:00:00
BL_10_1,9,3685,17,07:45:45,07:45:45,00:00:00
BL_10_1,9,5293,18,07:46:38,07:46:38,00:00:00
BL_10_1,9,5294,19,07:47:27,07:47:27,00:00:00
BL_11_1,10,3678,0,15:28:39,15:28:39,00:00:00
BL_11_1,10,3679,1,15:29:37,15:29:37,00:00:00
BL_11_1,10,3680,2,15:30:24,15:30:24,00:00:00
BL_11_1,10,3681,3,15:31:14,15:31:14,00:00:00
BL_11_1,10,3682,4,15:32:00,15:32:00,00:00:00
BL_11_1,10,3683,5,15:32:27,15:32:27,00:00:00
BL_11_1,10,3684,6,15:33:20,15:33:20,00:00:00
BL_11_1,10,3685,7,15:33:41,15:33:41,00:00:00
BL_11_1,10,5293,8,15:34:32,15:34:32,00:00:00
BL_11_1,10,5294,9,15:35:20,15:35:20,00:00:00
BL_11_1,10,3686,10,15:36:14,15:36:14,00:00:00
BL_11_1,10,3687,11,15:37:03,15:37:03,00:00:00
BL_11_1,10,3688,12,15:37:45,15:37:45,00:00:00
BL_11_1,10,3689,13,15:39:00,15:39:00,00:00:00
BL_12_1,11,1977,0,07:23:00,07:23:00,00:00:00
BL_12_1,11,1978,1,07:23:28,07:23:28,00:00:00
BL_12_1,11,1979,2,07:24:15,07:24:15,00:00:00
BL_12_1,11,1883,3,07:24:41,07:24:41,00:00:00
BL_12_1,11,1884,4,07:26:02,07:26:02,00:00:00
BL_12_1,11,1980,5,07:26:59,07:26:59,00:00:00
BL_12_1,11,1885,6,07:28:26,07:28:26,00:00:00
BL_12_1,11,1886,7,07:29:58,07:29:58,00:00:00
BL_12_1,11,1887,8,07:30:29,07:30:29,00:00:00
BL_13_1,12,4113,0,05:24:43,05:24:43,00:00:00
BL_14_1,13,3081,1,05:31:10,05:31:10,00:00:00
BL_13_1,12,3149,2,05:25:17,05:25:17,00:00:00
BL_14_1,13,3082,3,05:31:32,05:31:32,00:00:00
BL_13_1,12,3150,4,05:26:00,05:26:00,00:00:00
BL_14_1,13,3083,5,05:31:55,05:31:55,00:00:00
BL_13_1,12,5500,6,05:27:10,05:27:10,00:00:00
BL_14_1,13,3084,7,05:32:20,05:32:20,00:00:00
BL_13_1,12,3850,8,05:28:00,05:28:00,00:00:00
BL_14_1,13,4115,9,05:33:00,05:33:00,00:00:00
BL_13_1,12,5352,10,05:28:18,05:28:18,00:00:00
BL_14_1,13,3085,11,05:34:15,05:34:15,00:00:00
BL_13_1,12,3077,12,05:28:51,05:28:51,00:00:00
BL_14_1,13,3086,13,05:36:17,05:36:17,00:00:00
BL_13_1,12,3078,14,05:29:31,05:29:31,00:00:00
BL_14_1,13,4116,15,05:36:37,05:36:37,00:00:00
BL_13_1,12,3079,16,05:29:58,05:29:58,00:00:00
BL_14_1,13,3087,17,05:37:10,05:37:10,00:00:00
BL_13_1,12,3080,18,05:30:46,05:30:46,00:00:00
BL_15_1,14,4112,0,06:27:40,06:27:40,00:00:00
BL_15_1,14,4121,1,06:29:00,06:29:00,00:00:00
BL_15_1,14,4122,2,06:30:08,06:30:08,00:00:00
BL_15_1,14,5308,3,06:30:57,06:30:57,00:00:00
BL_16_1,15,3468,0,05:00:00,05:00:00,00:00:00
BL_17_1,16,3161,1,05:17:56,05:17:56,00:00:00
BL_18_1,17,5327,2,05:37:28,05:37:28,00:00:00
BL_19_1,18,1571,3,05:46:57,05:46:57,00:00:00
BL_20_1,19,2040,4,06:02:46,06:02:46,00:00:00
BL_16_1,15,4350,5,05:04:01,05:04:01,00:00:00
BL_17_1,16,5312,6,05:18:17,05:18:17,00:00:00
BL_18_1,17,5328,7,05:38:56,05:38:56,00:00:00
BL_19_1,18,4814,8,05:47:34,05:47:34,00:00:00
BL_20_1,19,2041,9,06:03:27,06:03:27,00:00:00
BL_16_1,15,4271,10,05:05:00,05:05:00,00:00:00
BL_17_1,16,3162,11,05:18:52,05:18:52,00:00:00
BL_18_1,17,5329,12,05:39:22,05:39:22,00:00:00
BL_19_1,18,1572,13,05:48:49,05:48:49,00:00:00
BL_20_1,19,2042,14,06:03:49,06:03:49,00:00:00
BL_16_1,15,5283,15,05:05:37,05:05:37,00:00:00
BL_17_1,16,5313,16,05:19:34,05:19:34,00:00:00
BL_18_1,17,5330,17,05:40:30,05:40:30,00:00:00
BL_19_1,18,1573,18,05:49:34,05:49:34,00:00:00
BL_20_1,19,2043,19,06:04:19,06:04:19,00:00:00
BL_16_1,15,5723,20,05:06:06,05:06:06,00:00:00
BL_17_1,16,4113,21,05:20:56,05:20:56,00:00:00
BL_18_1,17,1568,22,05:41:29,05:41:29,00:00:00
BL_19_1,18,1574,23,05:50:18,05:50:18,00:00:00
BL_20_1,19,2027,24,06:05:28,06:05:28,00:00:00
BL_16_1,15,3843,25,05:09:22,05:09:22,00:00:00
BL_17_1,16,3149,26,05:21:38,05:21:38,00:00:00
BL_18_1,17,1569,27,05:42:03,05:42:03,00:00:00
BL_19_1,18,1575,28,05:51:00,05:51:00,00:00:00
BL_16_1,15,3844,29,05:10:08,05:10:08,00:00:00
BL_17_1,16,3150,30,05:22:31,05:22:31,00:00:00
BL_18_1,17,5486,31,05:43:40,05:43:40,00:00:00
BL_19_1,18,1576,32,05:51:46,05:51:46,00:00:00
BL_16_1,15,5499,33,05:10:52,05:10:52,00:00:00
BL_17_1,16,5500,34,05:23:58,05:23:58,00:00:00
BL_18_1,17,1570,35,05:43:59,05:43:59,00:00:00
BL_19_1,18,1577,36,05:52:14,05:52:14,00:00:00
BL_16_1,15,3158,37,05:12:18,05:12:18,00:00:00
BL_17_1,16,3850,38,05:25:00,05:25:00,00:00:00
BL_18_1,17,5331,39,05:44:10,05:44:10,00:00:00
BL_19_1,18,1578,40,05:53:02,05:53:02,00:00:00
BL_16_1,15,3159,41,05:13:00,05:13:00,00:00:00
BL_17_1,16,5352,42,05:25:21,05:25:21,00:00:00
BL_18_1,17,5332,43,05:46:29,05:46:29,00:00:00
BL_19_1,18,4812,44,05:53:23,05:53:23,00:00:00
BL_16_1,15,3160,45,05:14:48,05:14:48,00:00:00
BL_17_1,16,3077,46,05:26:00,05:26:00,00:00:00
BL_19_1,18,4813,47,05:53:52,05:53:52,00:00:00
BL_16_1,15,3067,48,05:15:42,05:15:42,00:00:00
BL_17_1,16,3078,49,05:26:47,05:26:47,00:00:00
BL_19_1,18,5333,50,05:54:42,05:54:42,00:00:00
BL_16_1,15,5311,51,05:16:53,05:16:53,00:00:00
BL_17_1,16,3079,52,05:27:16,05:27:16,00:00:00
BL_17_1,16,3080,53,05:28:11,05:28:11,00:00:00
BL_21_1,20,4338,0,04:41:43,04:41:43,00:00:00
BL_21_1,20,4291,1,04:42:11,04:42:11,00:00:00
BL_21_1,20,4809,2,04:42:35,04:42:35,00:00:00
BL_21_1,20,5772,3,04:43:16,04:43:16,00:00:00
BL_22_1,21,2303,0,05:24:58,05:24:58,00:00:00
BL_23_1,22,2336,1,05:54:26,05:54:26,00:00:00
BL_22_1,21,2304,2,05:25:30,05:25:30,00:00:00
BL_23_1,22,2337,3,05:55:17,05:55:17,00:00:00
BL_22_1,21,2305,4,05:26:05,05:26:05,00:00:00
BL_23_1,22,2338,5,05:55:49,05:55:49,00:00:00
BL_22_1,21,2306,6,05:26:32,05:26:32,00:00:00
BL_23_1,22,5367,7,05:56:23,05:56:23,00:00:00
BL_22_1,21,2307,8,05:26:48,05:26:48,00:00:00
BL_23_1,22,2339,9,05:56:55,05:56:55,00:00:00
BL_22_1,21,2308,10,05:27:29,05:27:29,00:00:00
BL_23_1,22,2341,11,05:57:59,05:57:59,00:00:00
BL_22_1,21,2309,12,05:28:44,05:28:44,00:00:00
BL_22_1,21,2310,13,05:30:00,05:30:00,00:00:00
BL_22_1,21,2311,14,05:30:33,05:30:33,00:00:00
BL_24_1,23,2294,0,23:59:59,23:59:59,00:00:00
BL_24_1,23,2295,1,23:59:59,23:59:59,00:00:00
BL_24_1,23,2296,2,23:59:59,23:59:59,00:00:00
BL_24_1,23,3381,3,23:59:59,23:59:59,00:00:00
BL_25_1,24,2300,0,23:59:59,23:59:59,00:00:00
BL_26_1,25,2317,1,23:59:59,23:59:59,00:00:00
BL_27_1,26,2323,2,23:59:59,23:59:59,00:00:00
BL_28_1,27,2331,3,23:59:59,23:59:59,00:00:00
BL_29_1,28,5543,4,23:59:59,23:59:59,00:00:00
BL_30_1,29,2359,5,23:59:59,23:59:59,00:00:00
BL_25_1,24,2301,6,23:59:59,23:59:59,00:00:00
BL_26_1,25,2318,7,23:59:59,23:59:59,00:00:00
BL_27_1,26,4278,8,23:59:59,23:59:59,00:00:00
BL_28_1,27,2332,9,23:59:59,23:59:59,00:00:00
BL_29_1,28,2352,10,23:59:59,23:59:59,00:00:00
BL_30_1,29,2360,11,23:59:59,23:59:59,00:00:00
BL_25_1,24,5876,12,23:59:59,23:59:59,00:00:00
BL_26_1,25,5361,13,23:59:59,23:59:59,00:00:00
BL_27_1,26,2324,14,23:59:59,23:59:59,00:00:00
BL_28_1,27,2333,15,23:59:59,23:59:59,00:00:00
BL_29_1,28,2353,16,23:59:59,23:59:59,00:00:00
BL_30_1,29,2361,17,23:59:59,23:59:59,00:00:00
BL_25_1,24,2302,18,23:59:59,23:59:59,00:00:00
BL_26_1,25,5362,19,23:59:59,23:59:59,00:00:00
BL_27_1,26,5363,20,23:59:59,23:59:59,00:00:00
BL_28_1,27,2330,21,23:59:59,23:59:59,00:00:00
BL_29_1,28,2354,22,23:59:59,23:59:59,00:00:00
BL_30_1,29,5868,23,23:59:59,23:59:59,00:00:00
BL_25_1,24,2303,24,23:59:59,23:59:59,00:00:00
BL_27_1,26,2325,25,23:59:59,23:59:59,00:00:00
BL_28_1,27,2334,26,23:59:59,23:59:59,00:00:00
BL_25_1,24,2304,27,23:59:59,23:59:59,00:00:00
BL_27_1,26,5299,28,23:59:59,23:59:59,00:00:00
BL_28_1,27,5366,29,23:59:59,23:59:59,00:00:00
BL_25_1,24,2305,30,23:59:59,23:59:59,00:00:00
BL_28_1,27,2335,31,23:59:59,23:59:59,00:00:00
BL_25_1,24,2306,32,23:59:59,23:59:59,00:00:00
BL_28_1,27,2336,33,23:59:59,23:59:59,00:00:00
BL_25_1,24,2307,34,23:59:59,23:59:59,00:00:00
BL_28_1,27,2337,35,23:59:59,23:59:59,00:00:00
BL_25_1,24,2308,36,23:59:59,23:59:59,00:00:00
BL_28_1,27,2338,37,23:59:59,23:59:59,00:00:00
BL_25_1,24,2309,38,23:59:59,23:59:59,00:00:00
BL_28_1,27,5367,39,23:59:59,23:59:59,00:00:00
BL_25_1,24,2310,40,23:59:59,23:59:59,00:00:00
BL_28_1,27,2339,41,23:59:59,23:59:59,00:00:00
BL_25_1,24,2311,42,23:59:59,23:59:59,00:00:00
BL_28_1,27,2341,43,23:59:59,23:59:59,00:00:00
BL_25_1,24,2312,44,23:59:59,23:59:59,00:00:00
BL_28_1,27,2342,45,23:59:59,23:59:59,00:00:00
BL_25_1,24,2313,46,23:59:59,23:59:59,00:00:00
BL_28_1,27,5368,47,23:59:59,23:59:59,00:00:00
BL_25_1,24,5359,48,23:59:59,23:59:59,00:00:00
BL_28_1,27,2344,49,23:59:59,23:59:59,00:00:00
BL_25_1,24,2314,50,23:59:59,23:59:59,00:00:00
BL_28_1,27,2345,51,23:59:59,23:59:59,00:00:00
BL_25_1,24,2315,52,23:59:59,23:59:59,00:00:00
BL_28_1,27,2347,53,23:59:59,23:59:59,00:00:00
BL_25_1,24,5360,54,23:59:59,23:59:59,00:00:00
BL_28_1,27,4279,55,23:59:59,23:59:59,00:00:00
BL_28_1,27,2348,56,23:59:59,23:59:59,00:00:00
BL_28_1,27,5369,57,23:59:59,23:59:59,00:00:00
BL_28_1,27,4280,58,23:59:59,23:59:59,00:00:00
BL_28_1,27,2349,59,23:59:59,23:59:59,00:00:00
BL_28_1,27,5370,60,23:59:59,23:59:59,00:00:00
BL_28_1,27,2350,61,23:59:59,23:59:59,00:00:00
BL_28_1,27,2351,62,23:59:59,23:59:59,00:00:00
BL_31_1,30,2326,0,21:54:47,21:54:47,00:00:00
BL_32_1,31,2332,1,21:57:31,21:57:31,00:00:00
BL_33_1,32,5543,2,22:18:08,22:18:08,00:00:00
BL_31_1,30,2327,3,21:55:22,21:55:22,00:00:00
BL_32_1,31,2333,4,21:58:03,21:58:03,00:00:00
BL_33_1,32,2352,5,22:18:55,22:18:55,00:00:00
BL_31_1,30,2328,6,21:56:07,21:56:07,00:00:00
BL_32_1,31,2330,7,21:59:00,21:59:00,00:00:00
BL_33_1,32,2353,8,22:19:26,22:19:26,00:00:00
BL_31_1,30,2329,9,21:56:27,21:56:27,00:00:00
BL_32_1,31,2334,10,21:59:09,21:59:09,00:00:00
BL_33_1,32,2354,11,22:20:00,22:20:00,00:00:00
BL_31_1,30,2331,12,21:57:11,21:57:11,00:00:00
BL_32_1,31,5366,13,21:59:52,21:59:52,00:00:00
BL_33_1,32,2359,14,22:22:46,22:22:46,00:00:00
BL_32_1,31,2335,15,22:00:09,22:00:09,00:00:00
BL_33_1,32,2360,16,22:25:07,22:25:07,00:00:00
BL_32_1,31,2336,17,22:00:22,22:00:22,00:00:00
BL_33_1,32,2361,18,22:26:52,22:26:52,00:00:00
BL_32_1,31,2337,19,22:01:11,22:01:11,00:00:00
BL_33_1,32,5868,20,22:27:36,22:27:36,00:00:00
BL_32_1,31,2338,21,22:01:43,22:01:43,00:00:00
BL_32_1,31,5367,22,22:02:16,22:02:16,00:00:00
BL_32_1,31,2339,23,22:02:47,22:02:47,00:00:00
BL_32_1,31,2341,24,22:03:49,22:03:49,00:00:00
BL_32_1,31,2342,25,22:04:59,22:04:59,00:00:00
BL_32_1,31,5368,26,22:05:28,22:05:28,00:00:00
BL_32_1,31,2344,27,22:07:11,22:07:11,00:00:00
BL_32_1,31,2345,28,22:08:00,22:08:00,00:00:00
BL_32_1,31,2347,29,22:09:19,22:09:19,00:00:00
BL_32_1,31,4279,30,22:10:43,22:10:43,00:00:00
BL_32_1,31,2348,31,22:11:16,22:11:16,00:00:00
BL_32_1,31,5369,32,22:12:09,22:12:09,00:00:00
BL_32_1,31,4280,33,22:12:34,22:12:34,00:00:00
BL_32_1,31,2349,34,22:14:38,22:14:38,00:00:00
BL_32_1,31,5370,35,22:15:27,22:15:27,00:00:00
BL_32_1,31,2350,36,22:15:57,22:15:57,00:00:00
BL_32_1,31,2351,37,22:16:58,22:16:58,00:00:00
BL_34_1,33,3227,0,05:22:19,05:22:19,00:00:00
BL_35_1,34,3334,1,05:25:26,05:25:26,00:00:00
BL_36_1,35,3239,2,05:27:55,05:27:55,00:00:00
BL_37_1,36,4311,3,05:30:00,05:30:00,00:00:00
BL_34_1,33,3226,4,05:22:38,05:22:38,00:00:00
BL_35_1,34,3335,5,05:26:02,05:26:02,00:00:00
BL_36_1,35,3338,6,05:28:29,05:28:29,00:00:00
BL_37_1,36,3241,7,05:31:22,05:31:22,00:00:00
BL_34_1,33,3235,8,05:23:22,05:23:22,00:00:00
BL_35_1,34,3336,9,05:26:39,05:26:39,00:00:00
BL_36_1,35,5595,10,05:28:57,05:28:57,00:00:00
BL_37_1,36,3963,11,05:35:39,05:35:39,00:00:00
BL_34_1,33,3236,12,05:24:01,05:24:01,00:00:00
BL_35_1,34,3337,13,05:27:15,05:27:15,00:00:00
BL_36_1,35,3769,14,05:29:47,05:29:47,00:00:00
BL_37_1,36,2932,15,05:36:50,05:36:50,00:00:00
BL_38_1,37,3401,0,04:28:20,04:28:20,00:00:00
BL_39_1,38,3406,1,04:48:42,04:48:42,00:00:00
BL_38_1,37,4641,2,04:28:54,04:28:54,00:00:00
BL_39_1,38,4657,3,04:49:25,04:49:25,00:00:00
BL_38_1,37,4642,4,04:29:59,04:29:59,00:00:00
BL_39_1,38,4658,5,04:50:27,04:50:27,00:00:00
BL_38_1,37,3402,6,04:31:00,04:31:00,00:00:00
BL_39_1,38,5590,7,04:50:55,04:50:55,00:00:00
BL_38_1,37,4643,8,04:31:50,04:31:50,00:00:00
BL_39_1,38,4659,9,04:51:27,04:51:27,00:00:00
BL_38_1,37,4644,10,04:33:36,04:33:36,00:00:00
BL_39_1,38,4660,11,04:52:44,04:52:44,00:00:00
BL_38_1,37,4645,12,04:34:02,04:34:02,00:00:00
BL_38_1,37,3403,13,04:34:26,04:34:26,00:00:00
BL_38_1,37,4646,14,04:35:17,04:35:17,00:00:00
BL_40_1,39,2821,0,04:20:22,04:20:22,00:00:00
BL_41_1,40,3116,14,04:23:39,04:23:39,00:00:00
BL_40_1,39,3111,3,04:21:00,04:21:00,00:00:00
BL_41_1,40,3121,4,04:30:24,04:30:24,00:00:00
BL_40_1,39,1392,5,04:21:28,04:21:28,00:00:00
BL_41_1,40,2772,6,04:31:16,04:31:16,00:00:00
BL_40_1,39,3112,7,04:22:04,04:22:04,00:00:00
BL_41_1,40,3123,8,04:32:00,04:32:00,00:00:00
BL_40_1,39,3114,9,04:22:50,04:22:50,00:00:00
BL_41_1,40,4235,10,04:32:25,04:32:25,00:00:00
BL_40_1,39,3115,11,04:23:13,04:23:13,00:00:00
BL_41_1,40,3125,12,04:32:50,04:32:50,00:00:00
BL_40_1,39,3116,14,04:23:39,04:23:39,00:00:00
BL_41_1,40,3126,15,04:33:57,04:33:57,00:00:00
BL_42_1,41,1394,0,15:07:08,15:07:08,00:00:00
BL_42_1,41,2780,1,15:08:00,15:08:00,00:00:00
BL_42_1,41,5407,2,15:08:42,15:08:42,00:00:00
BL_42_1,41,4359,3,15:11:01,15:11:01,00:00:00
BL_42_1,41,2782,4,15:11:35,15:11:35,00:00:00
BL_42_1,41,2783,5,15:12:08,15:12:08,00:00:00
BL_42_1,41,2784,6,15:12:37,15:12:37,00:00:00
BL_43_1,42,4791,0,04:08:22,04:08:22,00:00:00
BL_43_1,42,2761,1,04:09:50,04:09:50,00:00:00
BL_43_1,42,2762,2,04:11:05,04:11:05,00:00:00
BL_43_1,42,4315,3,04:11:38,04:11:38,00:00:00
BL_44_1,43,5223,0,05:13:18,05:13:18,00:00:00
BL_44_1,43,5222,1,05:14:46,05:14:46,00:00:00
BL_44_1,43,5224,2,05:15:00,05:15:00,00:00:00
BL_44_1,43,5884,3,05:15:40,05:15:40,00:00:00
BL_45_1,44,4020,0,04:22:19,04:22:19,00:00:00
BL_46_1,45,4024,1,04:25:14,04:25:14,00:00:00
BL_45_1,44,4021,2,04:22:58,04:22:58,00:00:00
BL_46_1,45,3710,3,04:26:00,04:26:00,00:00:00
BL_45_1,44,4022,4,04:24:00,04:24:00,00:00:00
BL_46_1,45,4025,5,04:26:25,04:26:25,00:00:00
BL_45_1,44,4023,6,04:24:23,04:24:23,00:00:00
BL_46_1,45,4026,7,04:26:57,04:26:57,00:00:00
BL_46_1,45,4027,8,04:27:31,04:27:31,00:00:00
BL_47_1,46,4709,0,06:22:20,06:22:20,00:00:00
BL_47_1,46,3288,1,06:23:58,06:23:58,00:00:00
BL_47_1,46,3937,2,06:25:03,06:25:03,00:00:00
BL_47_1,46,3289,3,06:25:42,06:25:42,00:00:00
BL_48_1,47,4742,0,04:10:34,04:10:34,00:00:00
BL_49_1,48,1755,1,04:15:00,04:15:00,00:00:00
BL_48_1,47,1747,2,04:10:55,04:10:55,00:00:00
BL_49_1,48,1756,3,04:15:54,04:15:54,00:00:00
BL_48_1,47,1748,4,04:11:18,04:11:18,00:00:00
BL_49_1,48,4069,5,04:16:37,04:16:37,00:00:00
BL_48_1,47,1749,6,04:11:30,04:11:30,00:00:00
BL_49_1,48,4068,7,04:16:58,04:16:58,00:00:00
BL_48_1,47,1750,8,04:12:19,04:12:19,00:00:00
BL_48_1,47,1751,9,04:12:58,04:12:58,00:00:00
BL_48_1,47,1597,10,04:13:30,04:13:30,00:00:00
BL_48_1,47,1754,11,04:14:34,04:14:34,00:00:00
BL_50_1,49,4223,0,04:04:38,04:04:38,00:00:00
BL_51_1,50,4076,1,04:15:20,04:15:20,00:00:00
BL_50_1,49,4074,2,04:05:00,04:05:00,00:00:00
BL_51_1,50,4761,3,04:15:50,04:15:50,00:00:00
BL_50_1,49,4753,4,04:06:21,04:06:21,00:00:00
BL_51_1,50,4762,5,04:16:31,04:16:31,00:00:00
BL_50_1,49,4754,6,04:06:37,04:06:37,00:00:00
BL_51_1,50,4763,7,04:17:40,04:17:40,00:00:00
BL_50_1,49,4755,8,04:07:22,04:07:22,00:00:00
BL_51_1,50,4764,9,04:19:00,04:19:00,00:00:00
BL_50_1,49,4756,10,04:08:57,04:08:57,00:00:00
BL_50_1,49,4757,11,04:09:43,04:09:43,00:00:00
BL_50_1,49,4758,12,04:10:48,04:10:48,00:00:00
BL_50_1,49,4759,13,04:11:41,04:11:41,00:00:00
BL_50_1,49,5781,14,04:12:09,04:12:09,00:00:00
BL_50_1,49,4760,15,04:12:50,04:12:50,00:00:00
BL_50_1,49,4075,16,04:14:00,04:14:00,00:00:00
BL_52_1,51,4735,0,06:16:25,06:16:25,00:00:00
BL_52_1,51,5298,1,06:16:55,06:16:55,00:00:00
BL_52_1,51,4736,2,06:17:17,06:17:17,00:00:00
BL_52_1,51,4737,3,06:18:06,06:18:06,00:00:00
BL_52_1,51,4738,4,06:18:56,06:18:56,00:00:00
BL_52_1,51,4739,5,06:20:08,06:20:08,00:00:00
BL_52_1,51,4067,6,06:21:00,06:21:00,00:00:00
BL_52_1,51,4740,7,06:22:41,06:22:41,00:00:00
BL_52_1,51,4741,8,06:23:28,06:23:28,00:00:00
BL_52_1,51,4742,9,06:24:10,06:24:10,00:00:00
BL_52_1,51,1747,10,06:24:36,06:24:36,00:00:00
BL_52_1,51,1748,11,06:25:04,06:25:04,00:00:00
BL_52_1,51,1749,12,06:25:18,06:25:18,00:00:00
BL_52_1,51,1750,13,06:26:18,06:26:18,00:00:00
BL_52_1,51,1751,14,06:27:07,06:27:07,00:00:00
BL_52_1,51,1597,15,06:27:47,06:27:47,00:00:00
BL_52_1,51,1754,16,06:29:06,06:29:06,00:00:00
BL_53_1,52,1879,0,04:25:45,04:25:45,00:00:00
BL_53_1,52,4468,1,04:26:39,04:26:39,00:00:00
BL_53_1,52,1880,2,04:28:05,04:28:05,00:00:00
BL_53_1,52,4273,3,04:28:52,04:28:52,00:00:00
BL_53_1,52,1881,4,04:29:50,04:29:50,00:00:00
BL_53_1,52,1882,5,04:31:22,04:31:22,00:00:00
BL_53_1,52,4803,6,04:32:17,04:32:17,00:00:00
BL_54_1,53,1983,0,04:12:22,04:12:22,00:00:00
BL_55_1,54,1989,1,04:25:11,04:25:11,00:00:00
BL_56_1,55,4448,2,04:33:51,04:33:51,00:00:00
BL_54_1,53,1984,3,04:12:43,04:12:43,00:00:00
BL_55_1,54,4442,4,04:26:02,04:26:02,00:00:00
BL_56_1,55,4449,5,04:34:46,04:34:46,00:00:00
BL_54_1,53,4436,6,04:13:20,04:13:20,00:00:00
BL_55_1,54,1990,7,04:26:18,04:26:18,00:00:00
BL_56_1,55,4466,8,04:35:24,04:35:24,00:00:00
BL_54_1,53,4437,9,04:13:47,04:13:47,00:00:00
BL_55_1,54,1991,10,04:27:21,04:27:21,00:00:00
BL_56_1,55,4450,11,04:35:50,04:35:50,00:00:00
BL_54_1,53,4438,12,04:14:59,04:14:59,00:00:00
BL_55_1,54,5886,13,04:27:46,04:27:46,00:00:00
BL_54_1,53,1971,14,04:16:00,04:16:00,00:00:00
BL_55_1,54,4808,15,04:29:26,04:29:26,00:00:00
BL_54_1,53,4439,16,04:17:04,04:17:04,00:00:00
BL_55_1,54,1966,17,04:30:12,04:30:12,00:00:00
BL_54_1,53,4440,18,04:17:42,04:17:42,00:00:00
BL_55_1,54,1965,19,04:30:33,04:30:33,00:00:00
BL_54_1,53,4441,20,04:18:32,04:18:32,00:00:00
BL_55_1,54,4284,21,04:31:01,04:31:01,00:00:00
BL_54_1,53,4420,22,04:19:24,04:19:24,00:00:00
BL_55_1,54,1992,23,04:32:05,04:32:05,00:00:00
BL_54_1,53,4421,24,04:20:14,04:20:14,00:00:00
BL_54_1,53,5866,25,04:20:31,04:20:31,00:00:00
BL_54_1,53,4425,26,04:20:58,04:20:58,00:00:00
BL_54_1,53,4426,27,04:21:46,04:21:46,00:00:00
BL_54_1,53,1985,28,04:22:15,04:22:15,00:00:00
BL_54_1,53,1986,29,04:22:58,04:22:58,00:00:00
BL_54_1,53,4427,30,04:23:33,04:23:33,00:00:00
BL_54_1,53,1987,31,04:24:00,04:24:00,00:00:00
BL_54_1,53,1988,32,04:24:31,04:24:31,00:00:00
BL_57_1,56,4564,0,07:28:29,07:28:29,00:00:00
BL_57_1,56,4553,1,07:28:44,07:28:44,00:00:00
BL_57_1,56,5865,2,07:29:21,07:29:21,00:00:00
BL_57_1,56,3182,3,07:29:53,07:29:53,00:00:00
BL_57_1,56,3183,4,07:31:00,07:31:00,00:00:00
BL_57_1,56,3184,5,07:31:17,07:31:17,00:00:00
BL_57_1,56,3185,6,07:31:53,07:31:53,00:00:00
BL_58_1,57,4566,0,15:26:15,15:26:15,00:00:00
BL_58_1,57,3195,1,15:26:40,15:26:40,00:00:00
BL_58_1,57,5611,2,15:27:27,15:27:27,00:00:00
BL_58_1,57,3197,3,15:28:00,15:28:00,00:00:00
BL_58_1,57,3198,4,15:28:51,15:28:51,00:00:00
BL_58_1,57,3199,5,15:29:54,15:29:54,00:00:00
BL_58_1,57,3201,6,15:31:32,15:31:32,00:00:00
BL_58_1,57,3202,7,15:32:09,15:32:09,00:00:00
BL_58_1,57,3203,8,15:32:58,15:32:58,00:00:00
BL_58_1,57,3204,9,15:34:12,15:34:12,00:00:00
BL_59_1,58,5068,0,04:37:00,04:37:00,00:00:00
BL_59_1,58,5069,1,04:39:00,04:39:00,00:00:00
BL_59_1,58,5070,2,04:40:00,04:40:00,00:00:00
BL_59_1,58,5071,3,04:41:00,04:41:00,00:00:00
BL_60_1,59,5275,0,07:22:00,07:22:00,00:00:00
BL_61_1,60,5102,1,07:46:00,07:46:00,00:00:00
BL_60_1,59,5276,2,07:24:00,07:24:00,00:00:00
BL_61_1,60,5103,3,07:47:00,07:47:00,00:00:00
BL_60_1,59,5277,4,07:25:00,07:25:00,00:00:00
BL_61_1,60,5511,5,07:48:00,07:48:00,00:00:00
BL_60_1,59,5278,6,07:26:00,07:26:00,00:00:00
BL_61_1,60,5104,7,07:49:00,07:49:00,00:00:00
BL_60_1,59,5279,8,07:27:00,07:27:00,00:00:00
BL_61_1,60,5105,9,07:50:00,07:50:00,00:00:00
BL_60_1,59,5300,10,07:29:00,07:29:00,00:00:00
BL_61_1,60,5106,11,07:51:00,07:51:00,00:00:00
BL_60_1,59,5646,12,07:30:00,07:30:00,00:00:00
BL_61_1,60,5107,13,07:52:00,07:52:00,00:00:00
BL_60_1,59,5301,14,07:31:00,07:31:00,00:00:00
BL_61_1,60,5108,15,07:53:00,07:53:00,00:00:00
BL_61_1,60,5109,16,07:56:00,07:56:00,00:00:00
BL_62_1,61,5102,0,06:18:00,06:18:00,00:00:00
BL_62_1,61,5103,1,06:19:00,06:19:00,00:00:00
BL_62_1,61,5511,2,06:20:00,06:20:00,00:00:00
BL_62_1,61,5104,3,06:21:00,06:21:00,00:00:00
BL_62_1,61,5105,4,06:22:00,06:22:00,00:00:00
BL_62_1,61,5106,5,06:23:00,06:23:00,00:00:00
BL_62_1,61,5107,6,06:24:00,06:24:00,00:00:00
BL_62_1,61,5108,7,06:25:00,06:25:00,00:00:00
BL_63_1,62,5039,0,05:53:00,05:53:00,00:00:00
BL_63_1,62,5040,1,05:54:00,05:54:00,00:00:00
BL_63_1,62,5041,2,05:55:00,05:55:00,00:00:00
BL_63_1,62,5042,3,05:56:00,05:56:00,00:00:00
BL_63_1,62,5043,4,05:57:00,05:57:00,00:00:00
BL_64_1,63,4836,0,16:54:00,16:54:00,00:00:00
BL_64_1,63,4837,1,16:56:00,16:56:00,00:00:00
BL_64_1,63,4838,2,16:59:00,16:59:00,00:00:00
BL_64_1,63,4839,3,17:02:00,17:02:00,00:00:00
BL_64_1,63,4840,4,17:04:00,17:04:00,00:00:00
BL_64_1,63,4841,5,17:05:00,17:05:00,00:00:00
BL_64_1,63,4842,6,17:07:00,17:07:00,00:00:00
BL_64_1,63,4843,7,17:08:00,17:08:00,00:00:00
BL_64_1,63,4844,8,17:09:00,17:09:00,00:00:00
BL_64_1,63,4845,9,17:10:00,17:10:00,00:00:00
BL_64_1,63,4846,10,17:11:00,17:11:00,00:00:00
BL_64_1,63,4847,11,17:16:00,17:16:00,00:00:00
BL_65_1,64,4685,0,04:14:56,04:14:56,00:00:00
BL_65_1,64,5926,1,04:17:17,04:17:17,00:00:00
BL_65_1,64,5473,2,04:18:46,04:18:46,00:00:00
BL_65_1,64,5594,3,04:19:11,04:19:11,00:00:00
BL_65_1,64,2646,4,04:19:37,04:19:37,00:00:00
BL_65_1,64,2647,5,04:20:07,04:20:07,00:00:00
BL_66_1,65,2150,0,03:54:00,03:54:00,00:00:00
BL_67_1,66,2293,1,04:15:30,04:15:30,00:00:00
BL_66_1,65,1476,2,03:55:01,03:55:01,00:00:00
BL_67_1,66,3884,3,04:18:13,04:18:13,00:00:00
BL_66_1,65,1477,4,03:55:31,03:55:31,00:00:00
BL_67_1,66,2294,5,04:19:00,04:19:00,00:00:00
BL_66_1,65,1478,6,03:56:02,03:56:02,00:00:00
BL_67_1,66,2295,7,04:19:37,04:19:37,00:00:00
BL_66_1,65,1479,8,03:56:34,03:56:34,00:00:00
BL_67_1,66,2296,9,04:21:52,04:21:52,00:00:00
BL_66_1,65,1480,10,03:57:15,03:57:15,00:00:00
BL_67_1,66,3381,11,04:22:27,04:22:27,00:00:00
BL_66_1,65,1481,12,03:58:00,03:58:00,00:00:00
BL_67_1,66,3885,13,04:22:40,04:22:40,00:00:00
BL_67_1,66,3886,14,04:23:13,04:23:13,00:00:00
BL_67_1,66,3887,15,04:23:48,04:23:48,00:00:00
BL_67_1,66,3888,16,04:24:20,04:24:20,00:00:00
BL_67_1,66,3889,17,04:24:38,04:24:38,00:00:00
BL_67_1,66,3890,18,04:25:00,04:25:00,00:00:00
BL_68_1,67,1465,0,04:59:17,04:59:17,00:00:00
BL_69_1,68,1476,1,05:08:05,05:08:05,00:00:00
BL_68_1,67,1466,2,05:00:17,05:00:17,00:00:00
BL_69_1,68,1477,3,05:08:55,05:08:55,00:00:00
BL_68_1,67,1467,4,05:01:39,05:01:39,00:00:00
BL_69_1,68,1478,5,05:09:46,05:09:46,00:00:00
BL_68_1,67,1468,6,05:02:35,05:02:35,00:00:00
BL_69_1,68,1479,7,05:10:39,05:10:39,00:00:00
BL_68_1,67,2902,8,05:03:09,05:03:09,00:00:00
BL_69_1,68,1480,9,05:11:47,05:11:47,00:00:00
BL_68_1,67,1470,10,05:03:38,05:03:38,00:00:00
BL_69_1,68,1481,11,05:13:00,05:13:00,00:00:00
BL_68_1,67,4785,12,05:04:01,05:04:01,00:00:00
BL_70_1,69,3033,0,04:53:45,04:53:45,00:00:00
BL_70_1,69,3034,1,04:54:18,04:54:18,00:00:00
BL_70_1,69,4558,2,04:55:09,04:55:09,00:00:00
BL_70_1,69,3035,3,04:55:57,04:55:57,00:00:00
BL_70_1,69,3036,4,04:56:48,04:56:48,00:00:00
BL_70_1,69,2988,5,04:57:39,04:57:39,00:00:00
BL_71_1,70,5802,0,07:50:57,07:50:57,00:00:00
BL_71_1,70,5922,1,07:51:22,07:51:22,00:00:00
BL_71_1,70,3108,2,07:52:53,07:52:53,00:00:00
BL_71_1,70,3109,3,07:54:20,07:54:20,00:00:00
BL_72_1,71,5802,0,15:29:30,15:29:30,00:00:00
BL_73_1,72,2821,1,15:33:05,15:33:05,00:00:00
BL_72_1,71,5922,2,15:29:51,15:29:51,00:00:00
BL_73_1,72,3111,3,15:34:19,15:34:19,00:00:00
BL_72_1,71,3108,4,15:31:05,15:31:05,00:00:00
BL_73_1,72,1392,5,15:34:42,15:34:42,00:00:00
BL_72_1,71,3109,6,15:32:16,15:32:16,00:00:00
BL_73_1,72,3112,7,15:35:12,15:35:12,00:00:00
BL_72_1,71,3110,8,15:32:52,15:32:52,00:00:00
BL_73_1,72,3114,9,15:35:50,15:35:50,00:00:00
BL_73_1,72,3115,10,15:36:09,15:36:09,00:00:00
BL_73_1,72,3116,11,15:36:30,15:36:30,00:00:00
BL_73_1,72,3121,12,15:36:40,15:36:40,00:00:00
BL_73_1,72,2772,13,15:37:20,15:37:20,00:00:00
BL_73_1,72,3123,14,15:38:00,15:38:00,00:00:00
BL_73_1,72,4235,15,15:38:32,15:38:32,00:00:00
BL_73_1,72,3125,16,15:39:04,15:39:04,00:00:00
BL_73_1,72,3126,17,15:40:29,15:40:29,00:00:00
BL_74_1,73,2821,0,04:53:28,04:53:28,00:00:00
BL_74_1,73,3111,1,04:54:52,04:54:52,00:00:00
BL_74_1,73,1392,2,04:55:18,04:55:18,00:00:00
BL_74_1,73,3112,3,04:55:52,04:55:52,00:00:00
BL_74_1,73,3114,4,04:56:35,04:56:35,00:00:00
BL_74_1,73,3115,5,04:56:57,04:56:57,00:00:00
BL_74_1,73,3116,6,04:57:21,04:57:21,00:00:00
BL_74_1,73,3121,7,04:57:33,04:57:33,00:00:00
BL_74_1,73,2772,8,04:58:18,04:58:18,00:00:00
BL_74_1,73,3123,9,04:59:00,04:59:00,00:00:00
BL_75_1,74,4248,0,04:19:35,04:19:35,00:00:00
BL_76_1,75,2841,33,04:26:09,04:26:09,00:00:00
BL_77_1,76,5864,2,04:32:12,04:32:12,00:00:00
BL_78_1,77,1794,3,04:37:50,04:37:50,00:00:00
BL_79_1,78,1999,4,04:43:13,04:43:13,00:00:00
BL_80_1,79,1581,5,05:01:15,05:01:15,00:00:00
BL_75_1,74,1233,6,04:20:47,04:20:47,00:00:00
BL_76_1,75,2843,7,04:26:47,04:26:47,00:00:00
BL_77_1,76,3406,8,04:32:32,04:32:32,00:00:00
BL_78_1,77,1998,9,04:38:13,04:38:13,00:00:00
BL_79_1,78,2000,10,04:44:00,04:44:00,00:00:00
BL_80_1,79,1582,11,05:01:57,05:01:57,00:00:00
BL_75_1,74,1235,12,04:22:03,04:22:03,00:00:00
BL_76_1,75,2844,13,04:27:17,04:27:17,00:00:00
BL_77_1,76,4657,14,04:32:59,04:32:59,00:00:00
BL_78_1,77,1795,15,04:38:53,04:38:53,00:00:00
BL_79_1,78,2001,16,04:44:17,04:44:17,00:00:00
BL_80_1,79,1583,17,05:02:29,05:02:29,00:00:00
BL_75_1,74,1236,18,04:22:50,04:22:50,00:00:00
BL_76_1,75,4331,19,04:28:09,04:28:09,00:00:00
BL_77_1,76,4658,20,04:33:39,04:33:39,00:00:00
BL_78_1,77,1796,21,04:39:26,04:39:26,00:00:00
BL_79_1,78,2002,22,04:44:39,04:44:39,00:00:00
BL_80_1,79,4272,23,05:03:00,05:03:00,00:00:00
BL_75_1,74,1237,24,04:23:36,04:23:36,00:00:00
BL_76_1,75,4324,25,04:29:00,04:29:00,00:00:00
BL_77_1,76,5590,26,04:33:57,04:33:57,00:00:00
BL_75_1,74,1238,27,04:24:04,04:24:04,00:00:00
BL_76_1,75,1239,28,04:29:20,04:29:20,00:00:00
BL_77_1,76,4659,29,04:34:17,04:34:17,00:00:00
BL_75_1,74,5961,30,04:25:16,04:25:16,00:00:00
BL_76_1,75,4688,31,04:29:50,04:29:50,00:00:00
BL_77_1,76,4660,32,04:35:07,04:35:07,00:00:00
BL_75_1,74,2841,33,04:26:09,04:26:09,00:00:00
BL_76_1,75,1241,34,04:30:08,04:30:08,00:00:00
BL_81_1,80,1998,0,15:11:13,15:11:13,00:00:00
BL_81_1,80,1795,1,15:12:01,15:12:01,00:00:00
BL_81_1,80,1796,2,15:12:41,15:12:41,00:00:00
BL_81_1,80,1797,3,15:14:00,15:14:00,00:00:00
BL_81_1,80,1798,4,15:14:29,15:14:29,00:00:00
BL_81_1,80,1799,5,15:15:19,15:15:19,00:00:00
BL_82_1,81,1794,0,20:04:33,20:04:33,00:00:00
BL_83_1,82,2509,1,20:28:54,20:28:54,00:00:00
BL_84_1,83,2518,2,20:37:03,20:37:03,00:00:00
BL_82_1,81,1998,3,20:04:54,20:04:54,00:00:00
BL_83_1,82,2510,4,20:29:32,20:29:32,00:00:00
BL_84_1,83,4300,5,20:37:42,20:37:42,00:00:00
BL_82_1,81,1795,6,20:05:30,20:05:30,00:00:00
BL_83_1,82,2511,7,20:30:03,20:30:03,00:00:00
BL_84_1,83,2519,8,20:38:57,20:38:57,00:00:00
BL_82_1,81,1796,9,20:05:59,20:05:59,00:00:00
BL_83_1,82,2512,10,20:30:48,20:30:48,00:00:00
BL_84_1,83,5507,11,20:41:40,20:41:40,00:00:00
BL_82_1,81,1797,12,20:07:00,20:07:00,00:00:00
BL_83_1,82,2513,13,20:31:15,20:31:15,00:00:00
BL_84_1,83,5508,14,20:42:51,20:42:51,00:00:00
BL_82_1,81,1798,15,20:07:23,20:07:23,00:00:00
BL_83_1,82,2514,16,20:32:42,20:32:42,00:00:00
BL_84_1,83,5509,17,20:44:00,20:44:00,00:00:00
BL_82_1,81,1799,18,20:08:03,20:08:03,00:00:00
BL_83_1,82,2515,19,20:33:22,20:33:22,00:00:00
BL_84_1,83,4288,20,20:44:54,20:44:54,00:00:00
BL_83_1,82,3996,21,20:34:31,20:34:31,00:00:00
BL_83_1,82,2516,22,20:35:09,20:35:09,00:00:00
BL_83_1,82,2517,23,20:36:00,20:36:00,00:00:00
BL_85_1,84,2509,0,04:39:34,04:39:34,00:00:00
BL_85_1,84,2510,1,04:40:19,04:40:19,00:00:00
BL_85_1,84,2511,2,04:40:55,04:40:55,00:00:00
BL_85_1,84,2512,3,04:41:49,04:41:49,00:00:00
BL_85_1,84,2513,4,04:42:21,04:42:21,00:00:00
BL_85_1,84,2514,5,04:44:03,04:44:03,00:00:00
BL_85_1,84,2515,6,04:44:50,04:44:50,00:00:00
BL_85_1,84,3996,7,04:46:12,04:46:12,00:00:00
BL_85_1,84,2516,8,04:46:58,04:46:58,00:00:00
BL_86_1,85,1447,0,04:05:51,04:05:51,00:00:00
BL_87_1,86,1465,1,04:15:43,04:15:43,00:00:00
BL_86_1,85,5422,2,04:06:14,04:06:14,00:00:00
BL_87_1,86,1466,3,04:16:41,04:16:41,00:00:00
BL_86_1,85,1449,4,04:07:09,04:07:09,00:00:00
BL_87_1,86,1467,5,04:18:00,04:18:00,00:00:00
BL_86_1,85,4308,6,04:07:41,04:07:41,00:00:00
BL_87_1,86,1468,7,04:19:00,04:19:00,00:00:00
BL_86_1,85,1450,8,04:08:09,04:08:09,00:00:00
BL_86_1,85,1454,9,04:08:32,04:08:32,00:00:00
BL_88_1,87,4709,0,04:24:08,04:24:08,00:00:00
BL_89_1,88,3291,1,04:29:14,04:29:14,00:00:00
BL_88_1,87,3288,2,04:25:20,04:25:20,00:00:00
BL_89_1,88,3292,3,04:31:05,04:31:05,00:00:00
BL_88_1,87,3937,4,04:26:08,04:26:08,00:00:00
BL_89_1,88,3293,5,04:32:31,04:32:31,00:00:00
BL_88_1,87,3289,6,04:26:37,04:26:37,00:00:00
BL_89_1,88,5878,7,04:33:05,04:33:05,00:00:00
BL_88_1,87,3938,8,04:27:32,04:27:32,00:00:00
BL_89_1,88,4032,9,04:33:22,04:33:22,00:00:00
BL_89_1,88,3294,10,04:33:47,04:33:47,00:00:00
BL_89_1,88,3295,11,04:35:00,04:35:00,00:00:00
BL_89_1,88,3296,12,04:35:22,04:35:22,00:00:00
BL_89_1,88,3297,13,04:35:38,04:35:38,00:00:00
BL_89_1,88,4033,14,04:36:11,04:36:11,00:00:00
BL_89_1,88,4034,15,04:36:42,04:36:42,00:00:00
BL_90_1,89,5352,0,03:39:28,03:39:28,00:00:00
BL_90_1,89,3077,1,03:40:24,03:40:24,00:00:00
BL_90_1,89,3078,2,03:41:32,03:41:32,00:00:00
BL_90_1,89,3079,3,03:42:17,03:42:17,00:00:00
BL_90_1,89,3080,4,03:43:37,03:43:37,00:00:00
BL_91_1,90,3033,0,08:12:06,08:12:06,00:00:00
BL_91_1,90,3034,1,08:12:55,08:12:55,00:00:00
BL_91_1,90,4558,2,08:14:11,08:14:11,00:00:00
BL_91_1,90,3035,3,08:15:23,08:15:23,00:00:00
BL_91_1,90,3036,4,08:16:39,08:16:39,00:00:00
BL_91_1,90,2988,5,08:18:00,08:18:00,00:00:00
BL_91_1,90,4260,6,08:18:44,08:18:44,00:00:00
BL_91_1,90,4559,7,08:19:21,08:19:21,00:00:00
BL_92_1,91,3054,0,04:23:28,04:23:28,00:00:00
BL_92_1,91,3055,1,04:23:51,04:23:51,00:00:00
BL_92_1,91,3056,2,04:24:07,04:24:07,00:00:00
BL_92_1,91,3057,3,04:24:42,04:24:42,00:00:00
BL_92_1,91,3058,4,04:26:09,04:26:09,00:00:00
BL_92_1,91,3059,5,04:26:28,04:26:28,00:00:00
BL_92_1,91,3060,6,04:26:48,04:26:48,00:00:00
BL_92_1,91,4120,7,04:27:11,04:27:11,00:00:00
BL_93_1,92,4241,0,04:34:09,04:34:09,00:00:00
BL_94_1,93,1399,1,04:39:41,04:39:41,00:00:00
BL_95_1,94,1407,2,04:44:41,04:44:41,00:00:00
BL_93_1,92,1374,3,04:34:53,04:34:53,00:00:00
BL_94_1,93,5514,4,04:40:13,04:40:13,00:00:00
BL_95_1,94,1408,5,04:45:21,04:45:21,00:00:00
BL_93_1,92,1375,6,04:35:49,04:35:49,00:00:00
BL_94_1,93,1400,7,04:40:42,04:40:42,00:00:00
BL_95_1,94,5356,8,04:46:09,04:46:09,00:00:00
BL_93_1,92,1395,9,04:36:42,04:36:42,00:00:00
BL_94_1,93,1402,10,04:41:25,04:41:25,00:00:00
BL_95_1,94,1409,11,04:46:32,04:46:32,00:00:00
BL_94_1,93,1403,12,04:41:55,04:41:55,00:00:00
BL_95_1,94,1410,13,04:47:08,04:47:08,00:00:00
BL_95_1,94,1411,14,04:47:49,04:47:49,00:00:00
BL_95_1,94,1412,15,04:48:24,04:48:24,00:00:00
BL_95_1,94,1413,16,04:49:00,04:49:00,00:00:00
BL_95_1,94,1414,17,04:49:39,04:49:39,00:00:00
BL_96_1,95,1407,0,07:09:10,07:09:10,00:00:00
BL_96_1,95,1408,1,07:09:53,07:09:53,00:00:00
BL_96_1,95,5356,2,07:10:45,07:10:45,00:00:00
BL_96_1,95,1409,3,07:11:10,07:11:10,00:00:00
BL_96_1,95,1410,4,07:11:50,07:11:50,00:00:00
BL_96_1,95,1411,5,07:12:34,07:12:34,00:00:00
BL_96_1,95,1412,6,07:13:12,07:13:12,00:00:00
BL_97_1,96,5505,0,23:59:59,23:59:59,00:00:00
BL_98_1,97,2118,1,23:59:59,23:59:59,00:00:00
BL_97_1,96,1629,2,23:59:59,23:59:59,00:00:00
BL_98_1,97,2119,3,23:59:59,23:59:59,00:00:00
BL_97_1,96,1630,4,23:59:59,23:59:59,00:00:00
BL_98_1,97,2120,5,23:59:59,23:59:59,00:00:00
BL_97_1,96,3320,6,23:59:59,23:59:59,00:00:00
BL_98_1,97,2121,7,23:59:59,23:59:59,00:00:00
BL_97_1,96,5699,8,23:59:59,23:59:59,00:00:00
BL_97_1,96,1631,9,23:59:59,23:59:59,00:00:00
BL_97_1,96,1710,10,23:59:59,23:59:59,00:00:00
BL_97_1,96,1711,11,23:59:59,23:59:59,00:00:00
BL_97_1,96,1712,12,23:59:59,23:59:59,00:00:00
BL_97_1,96,1713,13,23:59:59,23:59:59,00:00:00
BL_97_1,96,4254,14,23:59:59,23:59:59,00:00:00
BL_97_1,96,3321,15,23:59:59,23:59:59,00:00:00
BL_97_1,96,3322,16,23:59:59,23:59:59,00:00:00
BL_99_1,98,2118,0,06:01:43,06:01:43,00:00:00
BL_99_1,98,2119,1,06:02:14,06:02:14,00:00:00
BL_99_1,98,2120,2,06:03:21,06:03:21,00:00:00
BL_99_1,98,2121,3,06:04:23,06:04:23,00:00:00
BL_99_1,98,2122,4,06:05:11,06:05:11,00:00:00
BL_99_1,98,2123,5,06:05:45,06:05:45,00:00:00
BL_100_1,99,1630,0,23:59:59,23:59:59,00:00:00
BL_100_1,99,3320,1,23:59:59,23:59:59,00:00:00
BL_100_1,99,5699,2,23:59:59,23:59:59,00:00:00
BL_100_1,99,1631,3,23:59:59,23:59:59,00:00:00
BL_101_1,100,1630,0,06:09:06,06:09:06,00:00:00
BL_101_1,100,3320,1,06:10:00,06:10:00,00:00:00
BL_101_1,100,5699,2,06:10:57,06:10:57,00:00:00
BL_101_1,100,1631,3,06:12:00,06:12:00,00:00:00
BL_101_1,100,1710,4,06:13:31,06:13:31,00:00:00
BL_101_1,100,1711,5,06:14:05,06:14:05,00:00:00
BL_101_1,100,1712,6,06:14:43,06:14:43,00:00:00
BL_101_1,100,1713,7,06:15:52,06:15:52,00:00:00
BL_102_1,101,4802,0,06:03:23,06:03:23,00:00:00
BL_102_1,101,4267,1,06:04:01,06:04:01,00:00:00
BL_102_1,101,1439,2,06:04:32,06:04:32,00:00:00
BL_102_1,101,1440,3,06:05:10,06:05:10,00:00:00
BL_103_1,102,1977,0,05:18:00,05:18:00,00:00:00
BL_103_1,102,1978,1,05:18:22,05:18:22,00:00:00
BL_103_1,102,1979,2,05:18:58,05:18:58,00:00:00
BL_103_1,102,1883,3,05:19:18,05:19:18,00:00:00
BL_103_1,102,1884,4,05:20:22,05:20:22,00:00:00
BL_103_1,102,1980,5,05:21:06,05:21:06,00:00:00
BL_104_1,103,1382,0,04:26:54,04:26:54,00:00:00
BL_104_1,103,2912,1,04:27:20,04:27:20,00:00:00
BL_104_1,103,1383,2,04:28:05,04:28:05,00:00:00
BL_104_1,103,1228,3,04:28:44,04:28:44,00:00:00
BL_104_1,103,1384,4,04:29:40,04:29:40,00:00:00
BL_105_1,104,2668,0,15:33:52,15:33:52,00:00:00
BL_105_1,104,2669,1,15:34:44,15:34:44,00:00:00
BL_105_1,104,2977,2,15:35:35,15:35:35,00:00:00
BL_105_1,104,2897,3,15:36:35,15:36:35,00:00:00
BL_105_1,104,2896,4,15:37:07,15:37:07,00:00:00
BL_106_1,105,1661,0,15:00:00,15:00:00,00:00:00
BL_106_1,105,2668,1,15:17:10,15:17:10,00:00:00
BL_106_1,105,2669,2,15:18:16,15:18:16,00:00:00
BL_106_1,105,2977,3,15:19:20,15:19:20,00:00:00
BL_106_1,105,2897,4,15:20:35,15:20:35,00:00:00
BL_106_1,105,2896,5,15:21:15,15:21:15,00:00:00
BL_107_1,106,3411,0,04:48:57,04:48:57,00:00:00
BL_108_1,107,3419,1,04:57:11,04:57:11,00:00:00
BL_109_1,108,5609,2,05:08:04,05:08:04,00:00:00
BL_107_1,106,3737,3,04:49:32,04:49:32,00:00:00
BL_108_1,107,3193,4,04:57:31,04:57:31,00:00:00
BL_109_1,108,4347,5,05:08:38,05:08:38,00:00:00
BL_107_1,106,4549,6,04:50:00,04:50:00,00:00:00
BL_108_1,107,5581,7,04:58:30,04:58:30,00:00:00
BL_109_1,108,4334,8,05:09:01,05:09:01,00:00:00
BL_107_1,106,3414,9,04:50:27,04:50:27,00:00:00
BL_108_1,107,4297,10,04:59:39,04:59:39,00:00:00
BL_109_1,108,2671,11,05:10:10,05:10:10,00:00:00
BL_107_1,106,4478,12,04:51:00,04:51:00,00:00:00
BL_108_1,107,3420,13,05:00:31,05:00:31,00:00:00
BL_109_1,108,2672,14,05:10:29,05:10:29,00:00:00
BL_107_1,106,4321,15,04:51:17,04:51:17,00:00:00
BL_108_1,107,3421,16,05:02:00,05:02:00,00:00:00
BL_109_1,108,2673,17,05:11:00,05:11:00,00:00:00
BL_107_1,106,3415,18,04:51:46,04:51:46,00:00:00
BL_108_1,107,3422,19,05:02:22,05:02:22,00:00:00
BL_107_1,106,3416,20,04:52:12,04:52:12,00:00:00
BL_108_1,107,3423,21,05:03:01,05:03:01,00:00:00
BL_107_1,106,4322,22,04:52:42,04:52:42,00:00:00
BL_108_1,107,3424,23,05:03:47,05:03:47,00:00:00
BL_107_1,106,3417,24,04:54:21,04:54:21,00:00:00
BL_108_1,107,3425,25,05:03:55,05:03:55,00:00:00
BL_108_1,107,3426,26,05:05:03,05:05:03,00:00:00
BL_108_1,107,4567,27,05:06:15,05:06:15,00:00:00
BL_108_1,107,3427,28,05:07:38,05:07:38,00:00:00
BL_110_1,109,3279,0,05:03:35,05:03:35,00:00:00
BL_111_1,110,3652,1,05:16:00,05:16:00,00:00:00
BL_110_1,109,3280,2,05:04:00,05:04:00,00:00:00
BL_111_1,110,3356,3,05:16:23,05:16:23,00:00:00
BL_110_1,109,3281,4,05:04:48,05:04:48,00:00:00
BL_111_1,110,3358,5,05:19:02,05:19:02,00:00:00
BL_110_1,109,3997,6,05:05:32,05:05:32,00:00:00
BL_111_1,110,5296,7,05:19:33,05:19:33,00:00:00
BL_111_1,110,5289,8,05:20:19,05:20:19,00:00:00
BL_111_1,110,3359,9,05:20:48,05:20:48,00:00:00
BL_111_1,110,3360,10,05:21:14,05:21:14,00:00:00
BL_111_1,110,3361,11,05:21:32,05:21:32,00:00:00
BL_111_1,110,3362,12,05:22:16,05:22:16,00:00:00
BL_112_1,111,3650,0,03:53:44,03:53:44,00:00:00
BL_112_1,111,3651,1,03:54:21,03:54:21,00:00:00
BL_112_1,111,3652,2,03:55:00,03:55:00,00:00:00
BL_112_1,111,3356,3,03:55:20,03:55:20,00:00:00
BL_112_1,111,3358,4,03:57:39,03:57:39,00:00:00
BL_112_1,111,5296,5,03:58:06,03:58:06,00:00:00
BL_112_1,111,5289,6,03:58:46,03:58:46,00:00:00
BL_112_1,111,3359,7,03:59:11,03:59:11,00:00:00
BL_112_1,111,3360,8,03:59:34,03:59:34,00:00:00
BL_112_1,111,3361,9,03:59:50,03:59:50,00:00:00
BL_112_1,111,3362,10,04:00:28,04:00:28,00:00:00
BL_113_1,112,1449,0,07:51:00,07:51:00,00:00:00
BL_113_1,112,4308,1,07:52:00,07:52:00,00:00:00
BL_113_1,112,1450,2,07:52:37,07:52:37,00:00:00
BL_113_1,112,1454,3,07:53:08,07:53:08,00:00:00
BL_114_1,113,5274,0,05:06:47,05:06:47,00:00:00
BL_114_1,113,1567,1,05:07:39,05:07:39,00:00:00
BL_114_1,113,3824,2,05:08:30,05:08:30,00:00:00
BL_114_1,113,2168,5,05:12:00,05:12:00,00:00:00
BL_114_1,113,2076,4,05:13:00,05:13:00,00:00:00
BL_114_1,113,2077,6,05:15:04,05:15:04,00:00:00
BL_114_1,113,5317,7,05:16:02,05:16:02,00:00:00
BL_114_1,113,2165,8,05:16:56,05:16:56,00:00:00
BL_114_1,113,5888,9,05:18:44,05:18:44,00:00:00
BL_114_1,113,5889,10,05:19:41,05:19:41,00:00:00
BL_114_1,113,2078,11,05:21:05,05:21:05,00:00:00
BL_114_1,113,2164,12,05:22:00,05:22:00,00:00:00
BL_115_1,114,5489,0,05:20:46,05:20:46,00:00:00
BL_116_1,115,4198,1,05:24:48,05:24:48,00:00:00
BL_117_1,116,4201,2,05:27:12,05:27:12,00:00:00
BL_118_1,117,4413,3,05:30:00,05:30:00,00:00:00
BL_115_1,114,4942,4,05:21:24,05:21:24,00:00:00
BL_116_1,115,5682,5,05:25:21,05:25:21,00:00:00
BL_117_1,116,5632,6,05:27:28,05:27:28,00:00:00
BL_118_1,117,4204,7,05:30:24,05:30:24,00:00:00
BL_115_1,114,4196,8,05:22:09,05:22:09,00:00:00
BL_116_1,115,4199,9,05:26:03,05:26:03,00:00:00
BL_117_1,116,5641,10,05:27:38,05:27:38,00:00:00
BL_118_1,117,4205,11,05:30:55,05:30:55,00:00:00
BL_115_1,114,5475,12,05:23:20,05:23:20,00:00:00
BL_116_1,115,4200,13,05:26:43,05:26:43,00:00:00
BL_117_1,116,5702,14,05:28:14,05:28:14,00:00:00
BL_118_1,117,4206,15,05:31:10,05:31:10,00:00:00
BL_115_1,114,5314,16,05:23:39,05:23:39,00:00:00
BL_117_1,116,4202,17,05:28:41,05:28:41,00:00:00
BL_118_1,117,4207,18,05:31:29,05:31:29,00:00:00
BL_115_1,114,4197,19,05:24:01,05:24:01,00:00:00
BL_119_1,118,3930,0,04:50:00,04:50:00,00:00:00
BL_120_1,119,3936,1,04:58:35,04:58:35,00:00:00
BL_121_1,120,2435,2,05:17:11,05:17:11,00:00:00
BL_122_1,121,3954,3,05:24:48,05:24:48,00:00:00
BL_119_1,118,3931,4,04:51:56,04:51:56,00:00:00
BL_120_1,119,4709,5,04:59:29,04:59:29,00:00:00
BL_121_1,120,3365,6,05:17:56,05:17:56,00:00:00
BL_122_1,121,3955,7,05:25:36,05:25:36,00:00:00
BL_119_1,118,3932,8,04:53:35,04:53:35,00:00:00
BL_120_1,119,3288,9,05:00:42,05:00:42,00:00:00
BL_121_1,120,3977,10,05:18:33,05:18:33,00:00:00
BL_122_1,121,3972,11,05:26:42,05:26:42,00:00:00
BL_119_1,118,5780,12,04:54:13,04:54:13,00:00:00
BL_120_1,119,3937,13,05:01:30,05:01:30,00:00:00
BL_121_1,120,2436,14,05:18:44,05:18:44,00:00:00
BL_122_1,121,5435,15,05:28:00,05:28:00,00:00:00
BL_119_1,118,3933,16,04:55:02,04:55:02,00:00:00
BL_120_1,119,3289,17,05:01:59,05:01:59,00:00:00
BL_122_1,121,3956,18,05:30:06,05:30:06,00:00:00
BL_119_1,118,3934,19,04:56:03,04:56:03,00:00:00
BL_120_1,119,3938,20,05:03:00,05:03:00,00:00:00
BL_122_1,121,5597,21,05:30:52,05:30:52,00:00:00
BL_119_1,118,3935,22,04:57:49,04:57:49,00:00:00
BL_120_1,119,3939,23,05:04:07,05:04:07,00:00:00
BL_120_1,119,3940,24,05:04:51,05:04:51,00:00:00
BL_120_1,119,5670,25,05:05:41,05:05:41,00:00:00
BL_120_1,119,5433,26,05:06:24,05:06:24,00:00:00
BL_120_1,119,5434,27,05:07:33,05:07:33,00:00:00
BL_120_1,119,3941,28,05:08:16,05:08:16,00:00:00
BL_120_1,119,3942,29,05:09:06,05:09:06,00:00:00
BL_120_1,119,3943,30,05:10:17,05:10:17,00:00:00
BL_120_1,119,5596,31,05:10:52,05:10:52,00:00:00
BL_120_1,119,3944,32,05:11:13,05:11:13,00:00:00
BL_120_1,119,5438,33,05:11:43,05:11:43,00:00:00
BL_120_1,119,3945,34,05:12:04,05:12:04,00:00:00
BL_120_1,119,3946,35,05:12:53,05:12:53,00:00:00
BL_123_1,122,1434,0,06:25:00,06:25:00,00:00:00
BL_123_1,122,1435,1,06:27:00,06:27:00,00:00:00
BL_123_1,122,4802,2,06:28:08,06:28:08,00:00:00
BL_123_1,122,4267,3,06:28:49,06:28:49,00:00:00
BL_123_1,122,1439,4,06:29:22,06:29:22,00:00:00
BL_123_1,122,1440,5,06:30:03,06:30:03,00:00:00
BL_124_1,123,1673,0,17:03:14,17:03:14,00:00:00
BL_124_1,123,1674,1,17:04:16,17:04:16,00:00:00
BL_124_1,123,1675,2,17:05:55,17:05:55,00:00:00
BL_124_1,123,5397,3,17:05:55,17:05:55,00:00:00
BL_125_1,124,2503,0,05:41:49,05:41:49,00:00:00
BL_126_1,125,2518,1,05:52:41,05:52:41,00:00:00
BL_125_1,124,2504,2,05:42:25,05:42:25,00:00:00
BL_126_1,125,4300,3,05:53:06,05:53:06,00:00:00
BL_125_1,124,2505,4,05:42:59,05:42:59,00:00:00
BL_126_1,125,2519,5,05:53:54,05:53:54,00:00:00
BL_125_1,124,2506,6,05:43:31,05:43:31,00:00:00
BL_126_1,125,5507,7,05:55:40,05:55:40,00:00:00
BL_125_1,124,2507,8,05:44:02,05:44:02,00:00:00
BL_126_1,125,5508,9,05:56:26,05:56:26,00:00:00
BL_125_1,124,4372,10,05:44:27,05:44:27,00:00:00
BL_126_1,125,5509,11,05:57:09,05:57:09,00:00:00
BL_125_1,124,2508,12,05:45:15,05:45:15,00:00:00
BL_126_1,125,4288,13,05:57:43,05:57:43,00:00:00
BL_125_1,124,2509,14,05:45:22,05:45:22,00:00:00
BL_126_1,125,2528,15,05:57:55,05:57:55,00:00:00
BL_125_1,124,2510,16,05:45:58,05:45:58,00:00:00
BL_126_1,125,5550,17,05:58:43,05:58:43,00:00:00
BL_125_1,124,2511,18,05:46:27,05:46:27,00:00:00
BL_126_1,125,4373,19,05:59:37,05:59:37,00:00:00
BL_125_1,124,2512,20,05:47:10,05:47:10,00:00:00
BL_125_1,124,2513,21,05:47:35,05:47:35,00:00:00
BL_125_1,124,2514,22,05:48:56,05:48:56,00:00:00
BL_125_1,124,2515,23,05:49:33,05:49:33,00:00:00
BL_125_1,124,3996,24,05:50:38,05:50:38,00:00:00
BL_125_1,124,2516,25,05:51:14,05:51:14,00:00:00
BL_125_1,124,2517,26,05:52:00,05:52:00,00:00:00
BL_127_1,126,1644,0,16:25:00,16:25:00,00:00:00
BL_127_1,126,1645,1,16:25:52,16:25:52,00:00:00
BL_127_1,126,1646,2,16:26:32,16:26:32,00:00:00
BL_127_1,126,4239,3,16:29:00,16:29:00,00:00:00
BL_127_1,126,5784,4,16:35:00,16:35:00,00:00:00
BL_127_1,126,2497,5,16:40:00,16:40:00,00:00:00
BL_127_1,126,2502,6,16:44:00,16:44:00,00:00:00
BL_128_1,127,2694,0,17:12:51,17:12:51,00:00:00
BL_128_1,127,2695,1,17:14:08,17:14:08,00:00:00
BL_128_1,127,2696,2,17:15:00,17:15:00,00:00:00
BL_128_1,127,2697,3,17:16:54,17:16:54,00:00:00
BL_129_1,128,5352,0,06:54:58,06:54:58,00:00:00
BL_129_1,128,3077,1,06:55:56,06:55:56,00:00:00
BL_129_1,128,3078,2,06:57:06,06:57:06,00:00:00
BL_129_1,128,3079,3,06:58:00,06:58:00,00:00:00
BL_130_1,129,4113,0,06:28:35,06:28:35,00:00:00
BL_130_1,129,3149,1,06:29:10,06:29:10,00:00:00
BL_130_1,129,3150,2,06:29:55,06:29:55,00:00:00
BL_130_1,129,5500,3,06:31:07,06:31:07,00:00:00
BL_130_1,129,3850,4,06:32:00,06:32:00,00:00:00
BL_130_1,129,5352,5,06:32:37,06:32:37,00:00:00
BL_130_1,129,3077,6,06:33:44,06:33:44,00:00:00
BL_130_1,129,3078,7,06:35:05,06:35:05,00:00:00
BL_130_1,129,3079,8,06:36:00,06:36:00,00:00:00
BL_131_1,130,2293,0,15:40:05,15:40:05,00:00:00
BL_131_1,130,3884,1,15:42:21,15:42:21,00:00:00
BL_131_1,130,2294,2,15:43:00,15:43:00,00:00:00
BL_131_1,130,2295,3,15:43:50,15:43:50,00:00:00
BL_131_1,130,2296,4,15:46:50,15:46:50,00:00:00
BL_131_1,130,3381,5,15:47:37,15:47:37,00:00:00
BL_131_1,130,3885,6,15:47:54,15:47:54,00:00:00
BL_131_1,130,3886,7,15:48:38,15:48:38,00:00:00
BL_131_1,130,3887,8,15:49:25,15:49:25,00:00:00
BL_131_1,130,3888,9,15:50:07,15:50:07,00:00:00
BL_131_1,130,3889,10,15:50:32,15:50:32,00:00:00
BL_131_1,130,3890,11,15:51:00,15:51:00,00:00:00
BL_131_1,130,3915,12,15:53:16,15:53:16,00:00:00
BL_131_1,130,3916,13,15:53:56,15:53:56,00:00:00
BL_131_1,130,5612,14,15:54:33,15:54:33,00:00:00
BL_131_1,130,5747,15,15:55:37,15:55:37,00:00:00
BL_131_1,130,5613,16,15:56:43,15:56:43,00:00:00
BL_131_1,130,3901,17,15:59:00,15:59:00,00:00:00
BL_131_1,130,3902,18,15:59:42,15:59:42,00:00:00
BL_131_1,130,4605,19,16:01:03,16:01:03,00:00:00
BL_131_1,130,4606,20,16:01:52,16:01:52,00:00:00
BL_131_1,130,5621,21,16:03:14,16:03:14,00:00:00
BL_131_1,130,3903,22,16:05:38,16:05:38,00:00:00
BL_131_1,130,3905,23,16:06:53,16:06:53,00:00:00
BL_131_1,130,3904,24,16:07:24,16:07:24,00:00:00
BL_131_1,130,5680,25,16:07:57,16:07:57,00:00:00
BL_131_1,130,3908,26,16:08:23,16:08:23,00:00:00
BL_132_1,131,3905,0,05:58:35,05:58:35,00:00:00
BL_132_1,131,3904,1,05:59:04,05:59:04,00:00:00
BL_132_1,131,5680,2,05:59:35,05:59:35,00:00:00
BL_132_1,131,3908,3,05:59:59,05:59:59,00:00:00
BL_133_1,132,4735,0,16:55:00,16:55:00,00:00:00
BL_133_1,132,5298,1,16:55:32,16:55:32,00:00:00
BL_133_1,132,4736,2,16:55:56,16:55:56,00:00:00
BL_133_1,132,4737,3,16:56:50,16:56:50,00:00:00
BL_133_1,132,4738,4,16:57:45,16:57:45,00:00:00
BL_133_1,132,4739,5,16:59:04,16:59:04,00:00:00
BL_133_1,132,4067,6,17:00:00,17:00:00,00:00:00
BL_134_1,133,3873,0,04:16:49,04:16:49,00:00:00
BL_135_1,134,4665,1,04:20:15,04:20:15,00:00:00
BL_136_1,135,3490,2,04:29:00,04:29:00,00:00:00
BL_137_1,136,4675,3,04:31:24,04:31:24,00:00:00
BL_138_1,137,3498,4,04:42:11,04:42:11,00:00:00
BL_139_1,138,5563,5,04:44:13,04:44:13,00:00:00
BL_134_1,133,3484,6,04:17:26,04:17:26,00:00:00
BL_135_1,134,4666,7,04:21:01,04:21:01,00:00:00
BL_136_1,135,4673,8,04:29:27,04:29:27,00:00:00
BL_137_1,136,4676,9,04:32:17,04:32:17,00:00:00
BL_138_1,137,5336,10,04:42:30,04:42:30,00:00:00
BL_139_1,138,3501,11,04:44:47,04:44:47,00:00:00
BL_134_1,133,4663,12,04:18:05,04:18:05,00:00:00
BL_135_1,134,4667,13,04:21:30,04:21:30,00:00:00
BL_136_1,135,3491,14,04:29:50,04:29:50,00:00:00
BL_137_1,136,3492,15,04:33:16,04:33:16,00:00:00
BL_138_1,137,3499,16,04:43:00,04:43:00,00:00:00
BL_139_1,138,3502,17,04:45:32,04:45:32,00:00:00
BL_134_1,133,4664,18,04:19:28,04:19:28,00:00:00
BL_135_1,134,4668,19,04:22:04,04:22:04,00:00:00
BL_136_1,135,4674,20,04:30:51,04:30:51,00:00:00
BL_137_1,136,3493,21,04:34:03,04:34:03,00:00:00
BL_138_1,137,3500,22,04:43:46,04:43:46,00:00:00
BL_139_1,138,3503,23,04:45:58,04:45:58,00:00:00
BL_134_1,133,3485,24,04:20:00,04:20:00,00:00:00
BL_135_1,134,4669,25,04:22:35,04:22:35,00:00:00
BL_137_1,136,4677,26,04:34:34,04:34:34,00:00:00
BL_139_1,138,5554,27,04:46:40,04:46:40,00:00:00
BL_135_1,134,4670,28,04:23:40,04:23:40,00:00:00
BL_137_1,136,3495,29,04:35:31,04:35:31,00:00:00
BL_139_1,138,3504,30,04:47:08,04:47:08,00:00:00
BL_135_1,134,3486,31,04:24:03,04:24:03,00:00:00
BL_137_1,136,3496,32,04:35:56,04:35:56,00:00:00
BL_139_1,138,5701,33,04:48:51,04:48:51,00:00:00
BL_135_1,134,3487,34,04:24:55,04:24:55,00:00:00
BL_135_1,134,5560,35,04:25:30,04:25:30,00:00:00
BL_135_1,134,4671,36,04:26:10,04:26:10,00:00:00
BL_140_1,139,1801,0,04:09:00,04:09:00,00:00:00
BL_141_1,140,5774,1,04:18:02,04:18:02,00:00:00
BL_140_1,139,1802,2,04:09:20,04:09:20,00:00:00
BL_141_1,140,5766,3,04:20:00,04:20:00,00:00:00
BL_140_1,139,1803,4,04:09:47,04:09:47,00:00:00
BL_141_1,140,2791,5,04:21:31,04:21:31,00:00:00
BL_140_1,139,1804,6,04:10:29,04:10:29,00:00:00
BL_141_1,140,2792,7,04:24:11,04:24:11,00:00:00
BL_141_1,140,2806,8,04:26:00,04:26:00,00:00:00
BL_141_1,140,4333,9,04:26:50,04:26:50,00:00:00
BL_141_1,140,4232,10,04:27:30,04:27:30,00:00:00
BL_141_1,140,2795,11,04:27:49,04:27:49,00:00:00
BL_141_1,140,2796,12,04:28:47,04:28:47,00:00:00
BL_142_1,141,2293,0,05:05:47,05:05:47,00:00:00
BL_143_1,142,3889,1,05:14:39,05:14:39,00:00:00
BL_142_1,141,3884,2,05:08:17,05:08:17,00:00:00
BL_143_1,142,3890,3,05:15:00,05:15:00,00:00:00
BL_142_1,141,2294,4,05:09:00,05:09:00,00:00:00
BL_143_1,142,3915,5,05:17:02,05:17:02,00:00:00
BL_142_1,141,2295,6,05:09:37,05:09:37,00:00:00
BL_143_1,142,3916,7,05:17:38,05:17:38,00:00:00
BL_142_1,141,2296,8,05:11:52,05:11:52,00:00:00
BL_143_1,142,5612,9,05:18:11,05:18:11,00:00:00
BL_142_1,141,3381,10,05:12:27,05:12:27,00:00:00
BL_143_1,142,5747,11,05:19:08,05:19:08,00:00:00
BL_142_1,141,3885,12,05:12:40,05:12:40,00:00:00
BL_143_1,142,5613,13,05:20:08,05:20:08,00:00:00
BL_142_1,141,3886,14,05:13:13,05:13:13,00:00:00
BL_143_1,142,3901,15,05:22:09,05:22:09,00:00:00
BL_142_1,141,3887,16,05:13:48,05:13:48,00:00:00
BL_143_1,142,3902,17,05:22:50,05:22:50,00:00:00
BL_143_1,142,4605,18,05:24:09,05:24:09,00:00:00
BL_143_1,142,4606,19,05:24:57,05:24:57,00:00:00
BL_143_1,142,5621,20,05:26:16,05:26:16,00:00:00
BL_143_1,142,3903,21,05:28:36,05:28:36,00:00:00
BL_143_1,142,3905,22,05:29:49,05:29:49,00:00:00
BL_144_1,143,2772,0,05:08:00,05:08:00,00:00:00
BL_144_1,143,3123,1,05:08:29,05:08:29,00:00:00
BL_144_1,143,4235,2,05:08:53,05:08:53,00:00:00
BL_144_1,143,3125,3,05:09:18,05:09:18,00:00:00
BL_145_1,144,2013,0,03:18:45,03:18:45,00:00:00
BL_146_1,145,1582,1,03:26:56,03:26:56,00:00:00
BL_145_1,144,2014,2,03:19:19,03:19:19,00:00:00
BL_146_1,145,1583,3,03:27:27,03:27:27,00:00:00
BL_145_1,144,2015,4,03:19:35,03:19:35,00:00:00
BL_146_1,145,4272,5,03:28:00,03:28:00,00:00:00
BL_145_1,144,2016,6,03:20:10,03:20:10,00:00:00
BL_146_1,145,4338,7,03:28:22,03:28:22,00:00:00
BL_145_1,144,5350,8,03:20:37,03:20:37,00:00:00
BL_146_1,145,4291,9,03:28:33,03:28:33,00:00:00
BL_145_1,144,2017,10,03:21:33,03:21:33,00:00:00
BL_146_1,145,4809,11,03:28:43,03:28:43,00:00:00
BL_145_1,144,2018,12,03:21:47,03:21:47,00:00:00
BL_146_1,145,5772,13,03:28:59,03:28:59,00:00:00
BL_145_1,144,2019,14,03:22:25,03:22:25,00:00:00
BL_146_1,145,5962,15,03:33:51,03:33:51,00:00:00
BL_145_1,144,2020,16,03:22:51,03:22:51,00:00:00
BL_145_1,144,2021,17,03:23:17,03:23:17,00:00:00
BL_145_1,144,5351,18,03:23:39,03:23:39,00:00:00
BL_145_1,144,2034,19,03:24:11,03:24:11,00:00:00
BL_145_1,144,2035,20,03:24:39,03:24:39,00:00:00
BL_145_1,144,2036,21,03:25:00,03:25:00,00:00:00
BL_145_1,144,1579,22,03:25:29,03:25:29,00:00:00
BL_145_1,144,1580,23,03:25:46,03:25:46,00:00:00
BL_145_1,144,1581,24,03:26:15,03:26:15,00:00:00
BL_147_1,146,1794,0,05:55:13,05:55:13,00:00:00
BL_147_1,146,1998,1,05:55:38,05:55:38,00:00:00
BL_147_1,146,1795,2,05:56:22,05:56:22,00:00:00
BL_147_1,146,1796,3,05:56:58,05:56:58,00:00:00
BL_147_1,146,1797,4,05:58:08,05:58:08,00:00:00
BL_147_1,146,1798,5,05:58:42,05:58:42,00:00:00
BL_147_1,146,1799,6,05:59:41,05:59:41,00:00:00
BL_147_1,146,2860,7,06:00:25,06:00:25,00:00:00
BL_147_1,146,1999,8,06:02:06,06:02:06,00:00:00
BL_147_1,146,2000,9,06:03:00,06:03:00,00:00:00
BL_147_1,146,2001,10,06:03:16,06:03:16,00:00:00
BL_147_1,146,2002,11,06:03:37,06:03:37,00:00:00
BL_147_1,146,2003,12,06:04:47,06:04:47,00:00:00
BL_147_1,146,2004,13,06:05:22,06:05:22,00:00:00
BL_147_1,146,2005,14,06:05:39,06:05:39,00:00:00
BL_147_1,146,5348,15,06:05:56,06:05:56,00:00:00
BL_147_1,146,2006,16,06:06:32,06:06:32,00:00:00
BL_147_1,146,5349,17,06:06:50,06:06:50,00:00:00
BL_147_1,146,2007,18,06:07:17,06:07:17,00:00:00
BL_147_1,146,2008,19,06:07:41,06:07:41,00:00:00
BL_148_1,147,3752,0,04:03:00,04:03:00,00:00:00
BL_148_1,147,3753,1,04:03:37,04:03:37,00:00:00
BL_148_1,147,3756,2,04:04:26,04:04:26,00:00:00
BL_148_1,147,3754,3,04:05:24,04:05:24,00:00:00
BL_148_1,147,3755,4,04:06:02,04:06:02,00:00:00
BL_148_1,147,3757,5,04:06:26,04:06:26,00:00:00
BL_149_1,148,3650,0,15:26:01,15:26:01,00:00:00
BL_149_1,148,3651,1,15:29:35,15:29:35,00:00:00
BL_149_1,148,3652,2,15:33:00,15:33:00,00:00:00
BL_149_1,148,3356,3,15:35:46,15:35:46,00:00:00
BL_150_1,149,4549,0,07:38:00,07:38:00,00:00:00
BL_150_1,149,3414,1,07:39:23,07:39:23,00:00:00
BL_150_1,149,4478,2,07:39:49,07:39:49,00:00:00
BL_150_1,149,4321,3,07:40:02,07:40:02,00:00:00
BL_150_1,149,3415,4,07:40:25,07:40:25,00:00:00
BL_150_1,149,3416,5,07:40:46,07:40:46,00:00:00
BL_150_1,149,4322,6,07:41:10,07:41:10,00:00:00
BL_150_1,149,3417,7,07:42:28,07:42:28,00:00:00
